horizon_steps,horizon_minutes,feature_set,model,n_folds,n_test_mean,p_mean,runtime_s_mean,runtime_s_std,test_MAE_mean,test_MAE_std,test_RMSE_mean,test_RMSE_std,test_R2_mean,test_R2_std,feature_display_name,main_manuscript_configuration
1,10,AR_AirT,Ridge,5,1008.0,4.0,0.000782918930053711,0.0004393079349896787,0.1909867911785597,0.024358822381558724,0.25802618751696194,0.04242606232965733,0.9689076599340204,0.011743507256742761,AR-AirT,True
1,10,AR_only,PatchTST,5,1008.0,3.0,5.96229100227356,2.052519277159569,0.18411222569832547,0.019097649953912384,0.258103143876744,0.03365822017860542,0.9693492205225164,0.008853630703947865,AR-only,True
1,10,AR_only,TimeMixer,5,1008.0,3.0,4.171492576599121,0.5735126393178511,0.18601666355421392,0.023367404769584973,0.2599864636058786,0.03708634951398437,0.9688158727306841,0.009777226305563342,AR-only,True
1,10,AR_AllState,Ridge,5,1008.0,7.0,0.0003995418548583984,0.0005470952748774788,0.20318943321244887,0.024864475851701942,0.2682383024251086,0.03419074759683769,0.9672196275698068,0.007723879886238643,AR-AllState,False
1,10,AR_only,RF,5,1008.0,3.0,0.2539247512817383,0.007370372973028743,0.20027917532742284,0.01589838954277769,0.2772070977586414,0.026176350653039058,0.9648069119538334,0.008072743328577908,AR-only,True
1,10,AR-LeafParents,Ridge,5,1008.0,3.0,0.0004002094268798828,0.0005480093335537593,0.21345708059024307,0.020041299410197527,0.27839869327229577,0.026430085851800216,0.9648241407480314,0.0061465400331790964,AR-LeafParents,True
1,10,AR_AirT_PAR,Ridge,5,1008.0,5.0,0.0006001472473144531,0.0005478569839442583,0.21410383903247862,0.01982302577398877,0.2797684022965095,0.027247299996351834,0.9644467159078223,0.006553758783487915,AR-AirT-PAR,False
1,10,AR_only,XGBoost,5,1008.0,3.0,0.12813501358032225,0.013334348156445056,0.2038351406756742,0.01353143283052592,0.28230050497642895,0.02593240466612734,0.963390540478056,0.008795964405836462,AR-only,True
1,10,TwoStage_CBF_AirT_PAR,Ridge,5,1008.0,5.0,0.0021996498107910156,0.0013015885481798628,0.21595885541380838,0.019245419160701785,0.28256052753920435,0.024558349470443105,0.9638193400222559,0.0055433604331111275,Two-stage CBF,True
1,10,AR_AirT_PAR,PatchTST,5,1008.0,5.0,4.037541055679322,1.3157840297801082,0.20582471543771247,0.043291597956329704,0.28807384613787274,0.07291471254393413,0.9625522723306824,0.011683433508206937,AR-AirT-PAR,False
1,10,AR_PAR,RF,5,1008.0,4.0,0.27159667015075684,0.018120976921174328,0.21310104796322463,0.026828249707500716,0.2896607089870903,0.03341374393815899,0.9621839779293435,0.0055335613130310084,AR-PAR,False
1,10,AR_AirT_PAR_window,Ridge,5,1008.0,9.0,0.0005976200103759765,0.0005455648945847488,0.2221651543545855,0.030955869727239103,0.2943968769593345,0.034853272924136834,0.9612102498345353,0.0018653791529358729,AR-LeafParents-window,False
1,10,AR_only,Ridge,5,1008.0,3.0,0.005152273178100586,0.009854079640372175,0.21682169592053296,0.01803784638781249,0.29466121796701367,0.033342192455365426,0.9602123434860299,0.010064090055237118,AR-only,True
1,10,AR_PAR,Ridge,5,1008.0,4.0,0.00040073394775390624,0.0005487296545777538,0.22517237108518046,0.018911473446406438,0.29502237114856134,0.022292581818583162,0.9604439637856261,0.006472302733717137,AR-PAR,False
1,10,TwoStage_CBF_AirT_PAR_Residual,Ridge,5,1008.0,11.0,0.0019985198974609374,0.0006999176184101579,0.22237874949030684,0.03076633170235577,0.2972417639379307,0.030718923472962827,0.9602212195125859,0.004348542414543392,Two-stage CBF-residual,False
1,10,TwoStage_CBF_AirT_PAR,PatchTST,5,1008.0,5.0,4.077694368362427,1.785073563789148,0.2168702190389078,0.07152964723984598,0.2998693407674499,0.10381593788665536,0.9594976883196411,0.01873011152966968,Two-stage CBF,True
1,10,AR_AirT,PatchTST,5,1008.0,4.0,4.1595841407775875,2.381208353467756,0.21850577055209525,0.09847115861252131,0.3020405519013228,0.12724568129593936,0.958305899004632,0.025489163644495397,AR-AirT,True
1,10,AR-LeafParents,PatchTST,5,1008.0,3.0,2.6378572940826417,1.0405528310620948,0.22734787531252257,0.043597586431900696,0.30223028425487863,0.05991503897976473,0.958378364205369,0.012981500127807348,AR-LeafParents,True
1,10,TwoStage_CBF_AirT_PAR_ValidationSelected,ValidationSelected,5,1008.0,5.0,0.13467845916748047,0.11935798838363698,0.23457684536827866,0.030744616812530507,0.3029230521606713,0.03884917642516339,0.958536888734157,0.007811819835320928,Two-stage CBF-validation,False
1,10,AR_PAR,XGBoost,5,1008.0,4.0,0.08810839653015137,0.00646822580504317,0.22173325590103388,0.027135611753816753,0.30497406413745487,0.03867255173792595,0.9581777733880406,0.005963269610896617,AR-PAR,False
1,10,AR_AirT,TimeMixer,5,1008.0,4.0,3.2820053100585938,1.547730958088685,0.22661026908228635,0.06935988689025487,0.31865085119798164,0.10948920828687979,0.9535312247657763,0.023027638316248912,AR-AirT,True
1,10,AR_AirT,iTransformer,5,1008.0,4.0,3.8346531867980955,2.1528378839883833,0.24031354339827393,0.04825738839038152,0.3220370416157622,0.060593719694167596,0.953030182361395,0.012770115964405712,AR-AirT,True
1,10,AR-LeafParents,TimeMixer,5,1008.0,3.0,2.7379619598388674,0.9199219197113825,0.24897960390868007,0.08047159964409982,0.32850351257348637,0.1069604885350392,0.9513900179464022,0.020399115828865912,AR-LeafParents,True
1,10,TwoStage_CBF_AirT_PAR,TimeMixer,5,1008.0,5.0,3.4333600044250487,0.6740398727762028,0.25715963827869875,0.07581926935050483,0.3392231990199479,0.09120634093365385,0.9482863248734871,0.017621470595761055,Two-stage CBF,True
1,10,TwoStage_CBF_AirT_PAR_Residual,TimeMixer,5,1008.0,11.0,4.204763126373291,1.083144314390491,0.262786915087826,0.05129912924150771,0.34454089379823205,0.0678953493217144,0.9463146755265457,0.014521191749807219,Two-stage CBF-residual,False
1,10,AR_AirT_PAR_window,PatchTST,5,1008.0,9.0,5.692765760421753,2.6761728903709936,0.2575180533503549,0.09203103284323483,0.3449858136665413,0.11704717346945226,0.9465939921552178,0.02433698326658143,AR-LeafParents-window,False
1,10,AR_AirT_PAR_window,TimeMixer,5,1008.0,9.0,4.564520215988159,1.447505092910148,0.2543498582436293,0.04854309660884993,0.3455256790196143,0.07233070415373039,0.9461776481370275,0.014349614302755026,AR-LeafParents-window,False
1,10,AR_AirT_PAR,iTransformer,5,1008.0,5.0,5.163837051391601,2.516829837667375,0.2675105794977259,0.04988366996934963,0.35159706602247365,0.06707695801208786,0.9429364865177089,0.01986129770853536,AR-AirT-PAR,False
1,10,TwoStage_CBF_AirT_PAR_Residual,PatchTST,5,1008.0,11.0,6.135225772857666,3.0526239506962605,0.2567101414746077,0.05600194368300034,0.35403120747721817,0.08528200790021877,0.9426919126711448,0.022438620902913306,Two-stage CBF-residual,False
1,10,AR_AirT,RF,5,1008.0,4.0,0.2711042881011963,0.015657511638242555,0.2599709211437983,0.08117157729125442,0.36889717027291513,0.1214948480134979,0.9375926434489801,0.029601242418266394,AR-AirT,True
1,10,AR_AirT,XGBoost,5,1008.0,4.0,0.08452873229980469,0.004891779844502679,0.26403576301897635,0.08688976915775073,0.37052251342864595,0.12845057110365302,0.9372346161767254,0.029876934192395198,AR-AirT,True
1,10,TwoStage_CBF_AirT_PAR,XGBoost,5,1008.0,5.0,0.09799113273620605,0.004414079325031401,0.27239860697145807,0.08642483363933494,0.37211584536903247,0.11846844177775925,0.9371636017527667,0.027986776361099155,Two-stage CBF,True
1,10,AR_only,iTransformer,5,1008.0,3.0,5.0059943199157715,2.3349675385730153,0.2735252011061976,0.03247638740686201,0.3769872682109991,0.04737134743070974,0.93530353217329,0.01493275137421231,AR-only,True
1,10,TwoStage_CBF_AirT_PAR,iTransformer,5,1008.0,5.0,6.298520517349243,2.7679503177182645,0.2894323864430076,0.06737237311487722,0.37734860254875136,0.07418021893741036,0.9351680526585131,0.020632553145990266,Two-stage CBF,True
1,10,TwoStage_CBF_AirT_PAR,RF,5,1008.0,5.0,0.30044097900390626,0.027332128941731055,0.27639485567898,0.08197976913079197,0.37828872453931395,0.11723355868221971,0.9352288305695893,0.027145182004525592,Two-stage CBF,True
1,10,TwoStage_CBF_AirT_PAR_Residual,XGBoost,5,1008.0,11.0,0.10846929550170899,0.012099532970477287,0.27734064372128275,0.0948399586209369,0.3808997302153384,0.13463101390781482,0.9333172135590496,0.035181860470710306,Two-stage CBF-residual,False
1,10,AR_AirT_PAR,XGBoost,5,1008.0,5.0,0.0893439769744873,0.006556537576968038,0.2803207879646744,0.08845611813662729,0.3817556550325025,0.12428385933694129,0.9337300592427618,0.03012871770038849,AR-AirT-PAR,False
1,10,AR_AirT_PAR,TimeMixer,5,1008.0,5.0,3.668664741516113,2.3727242911872297,0.2917804896844126,0.1258220486961509,0.3840891725193716,0.16902229107420588,0.9320737243973289,0.04361215944549594,AR-AirT-PAR,False
1,10,AR_AirT_PAR,RF,5,1008.0,5.0,0.2787659168243408,0.01302879750751751,0.2868152082348955,0.08783364128402697,0.388475545955524,0.12424242177597816,0.9313865401244061,0.030016231737271172,AR-AirT-PAR,False
1,10,AR_AirT_PAR_window,XGBoost,5,1008.0,9.0,0.09543943405151367,0.005002776654680284,0.28760854086127435,0.10290841451629387,0.39331081546435137,0.14756584078940524,0.9288540101748163,0.038854211999960496,AR-LeafParents-window,False
1,10,AR_AirT_PAR_window,RF,5,1008.0,9.0,0.29975261688232424,0.011333503673627312,0.30498741509435234,0.10847418177592734,0.4125224880327827,0.15465334260121144,0.9218598836118652,0.041543520489688214,AR-LeafParents-window,False
1,10,AR-LeafParents,XGBoost,5,1008.0,3.0,0.10010790824890137,0.013390491812848815,0.31300221968958614,0.09673980753286354,0.4132420730968517,0.12470079172109261,0.9229101160407074,0.030412649941545855,AR-LeafParents,True
1,10,AR_AllState,XGBoost,5,1008.0,7.0,0.09576573371887206,0.004784388257907609,0.30183991023976964,0.10794836145885328,0.4173928464235974,0.14569414579557002,0.9201765717582212,0.038448719875095766,AR-AllState,False
1,10,TwoStage_CBF_AirT_PAR_Residual,RF,5,1008.0,11.0,0.3023376941680908,0.02644217191068578,0.3202250094627221,0.11928540377730848,0.43510542898633864,0.17010298479278202,0.9125240282692587,0.049386082353410354,Two-stage CBF-residual,False
1,10,AR_AllState,RF,5,1008.0,7.0,0.2957906723022461,0.014933225206294625,0.3277490651032937,0.11874025822525326,0.4416491850564501,0.16252574236275014,0.9094719271596254,0.04900284395524519,AR-AllState,False
1,10,AR-LeafParents,RF,5,1008.0,3.0,0.25235185623168943,0.020936864024952484,0.38400716741978286,0.11477961918658647,0.499723097289443,0.15483082392122177,0.8865288728579799,0.04983114494563557,AR-LeafParents,True
1,10,AR_AirT_PAR_window,iTransformer,5,1008.0,9.0,4.993002080917359,2.3619513812034114,0.5963781446174339,0.19158016916682208,0.7925090239784833,0.24072269931345636,0.7176086288734688,0.11079626208129223,AR-LeafParents-window,False
1,10,AR-LeafParents,iTransformer,5,1008.0,3.0,3.883769989013672,2.7313681715906664,0.6849534628227274,0.3101978977183211,0.8752367140843837,0.3303353162071792,0.6456510315815533,0.19958635199554978,AR-LeafParents,True
1,10,TwoStage_CBF_AirT_PAR_Residual,iTransformer,5,1008.0,11.0,5.056818437576294,2.1126241563547947,0.6956823331809339,0.24915447207863045,0.8869695173844969,0.29850481731768064,0.640586786222817,0.16679361800268547,Two-stage CBF-residual,False
3,30,AR_AirT,TimeMixer,5,1008.0,4.0,2.7739867210388183,2.005218048232414,0.28221394891875845,0.0777467164363363,0.3906893170929343,0.116366374208134,0.9247210252302107,0.050184808372480766,AR-AirT,True
3,30,AR_AirT,PatchTST,5,1008.0,4.0,3.5864360332489014,1.5150666622917792,0.29817275904599944,0.06667764001017834,0.3992361653094358,0.09224741576363484,0.9253836272139158,0.0323085668114693,AR-AirT,True
3,30,TwoStage_CBF_AirT_PAR,PatchTST,5,1008.0,5.0,4.196034908294678,1.7881193552594195,0.31919029922946685,0.07649415123819438,0.4234547951445122,0.09185561633812363,0.9182077506051607,0.02585015104112972,Two-stage CBF,True
3,30,AR_AirT,Ridge,5,1008.0,4.0,0.0003991127014160156,0.0005465076778930634,0.3263404698952143,0.04364262925486788,0.4244439956123422,0.07539619209011807,0.915664556466418,0.03382465134007718,AR-AirT,True
3,30,AR_AllState,Ridge,5,1008.0,7.0,0.0006025791168212891,0.0005501019222557611,0.33556654610643655,0.041187247583778855,0.4264458053001435,0.059903070778012504,0.9167352307008411,0.023249774137469318,AR-AllState,False
3,30,AR_only,PatchTST,5,1008.0,3.0,6.683559942245483,3.096434612718019,0.3081509995586657,0.03383852328299004,0.42827925676804784,0.06117716735973716,0.9152421221854388,0.027173209296168507,AR-only,True
3,30,AR_only,TimeMixer,5,1008.0,3.0,4.258663272857666,0.8227320181209341,0.31442614047093004,0.03998068691839368,0.435577482537245,0.0660088284065142,0.912085836092329,0.029716711514702628,AR-only,True
3,30,AR_AirT_PAR,PatchTST,5,1008.0,5.0,4.283987188339234,2.039071052301263,0.3253558053112534,0.1027025896861461,0.4385108841218912,0.13892707889863168,0.9121203685169995,0.03601464196424638,AR-AirT-PAR,False
3,30,TwoStage_CBF_AirT_PAR,Ridge,5,1008.0,5.0,0.0018011569976806641,0.000838197172030923,0.3657162537369489,0.030083692575191397,0.4596351847373937,0.03772487952655976,0.9039784738188186,0.01664248060220415,Two-stage CBF,True
3,30,AR_AirT_PAR,Ridge,5,1008.0,5.0,0.0002002716064453125,0.00044782092597480376,0.36698318670710234,0.03298680568110784,0.4597929868220348,0.04261264564726067,0.903989878614244,0.01725213948501648,AR-AirT-PAR,False
3,30,AR_AirT,iTransformer,5,1008.0,4.0,3.8872798919677733,0.4617762563407997,0.3359146941337095,0.09394049289396016,0.460051426786342,0.1441829687772317,0.9038960700966954,0.04005723438391256,AR-AirT,True
3,30,AR-LeafParents,Ridge,5,1008.0,3.0,0.0008048057556152344,0.00045030322859344147,0.36718373389315256,0.032969100433963366,0.46039037450071396,0.04243703229686592,0.9037567363723392,0.017111870776253753,AR-LeafParents,True
3,30,TwoStage_CBF_AirT_PAR_Residual,Ridge,5,1008.0,11.0,0.0024426937103271484,0.0005511696285267619,0.3593914158114972,0.03867089616561052,0.4617575241240541,0.0338563946908395,0.9029958345273432,0.016572702017695486,Two-stage CBF-residual,False
3,30,AR-LeafParents,PatchTST,5,1008.0,3.0,2.4643166065216064,0.5393754407544737,0.363286544848101,0.11409171715959751,0.46841389706472897,0.1299355990878825,0.9000094952726784,0.03775839488318817,AR-LeafParents,True
3,30,AR_only,RF,5,1008.0,3.0,0.2525954723358154,0.019412207889996588,0.3444506968705746,0.03049098733159769,0.4698167211806095,0.04194499480121345,0.8996766159658272,0.017870333010649938,AR-only,True
3,30,AR_AirT_PAR_window,Ridge,5,1008.0,9.0,0.00099945068359375,7.907449699295357e-07,0.37035819591487606,0.042640296671917786,0.47042770837102876,0.04597743974931633,0.9005919809979709,0.005979968219230237,AR-LeafParents-window,False
3,30,AR_only,XGBoost,5,1008.0,3.0,0.09281635284423828,0.005571037271270822,0.34818989993907784,0.026186528441349353,0.47220216194931874,0.04363943980539736,0.8980837448937022,0.02207481088535087,AR-only,True
3,30,AR_AirT_PAR,TimeMixer,5,1008.0,5.0,2.58754186630249,0.9758088435033625,0.3744667460195782,0.10546503255710546,0.47815081659580116,0.12783264842083605,0.8973079693962092,0.034690252946322234,AR-AirT-PAR,False
3,30,AR_PAR,Ridge,5,1008.0,4.0,0.0007954120635986328,0.00044829519619412304,0.3893396167919338,0.03802567598601461,0.4923164349041775,0.0371139134096733,0.8902094151834088,0.014665540816826583,AR-PAR,False
3,30,AR_only,Ridge,5,1008.0,3.0,0.0,0.0,0.37577738756523704,0.028629627362287424,0.496824197735095,0.04983772495256122,0.8876806057765663,0.02235595372692402,AR-only,True
3,30,TwoStage_CBF_AirT_PAR,TimeMixer,5,1008.0,5.0,3.111144781112671,2.0841432747195276,0.3823120310178599,0.1438157404539016,0.5082129619992841,0.2035864345970318,0.8823510489434068,0.06838766342107981,Two-stage CBF,True
3,30,AR_AirT_PAR_window,TimeMixer,5,1008.0,9.0,3.6907909393310545,0.8301152757769352,0.395214322482287,0.11451129391640057,0.5145660071777993,0.15225358078091833,0.8811330651817733,0.04384931686224053,AR-LeafParents-window,False
3,30,TwoStage_CBF_AirT_PAR_ValidationSelected,ValidationSelected,5,1008.0,5.0,0.16879701614379883,0.14916945554411964,0.41146240904765385,0.06695427561504078,0.5152926217052458,0.08294781528790149,0.8809440022789315,0.020690772668610087,Two-stage CBF-validation,False
3,30,AR-LeafParents,TimeMixer,5,1008.0,3.0,2.8211710453033447,0.7110083485749847,0.4135533097722002,0.1556579635897043,0.5278042287171119,0.19575598213988696,0.8734766917925707,0.0641102364963555,AR-LeafParents,True
3,30,TwoStage_CBF_AirT_PAR_Residual,PatchTST,5,1008.0,11.0,4.039399814605713,1.8548097998818311,0.4082601374116524,0.11245175555490323,0.5354912649452392,0.15070876943046016,0.8704269004696853,0.04728131648946853,Two-stage CBF-residual,False
3,30,AR_AirT_PAR,iTransformer,5,1008.0,5.0,4.887995719909668,3.2954214672604314,0.4241987894134637,0.14708916473340972,0.5459738751807952,0.16738558231892223,0.8649299336505196,0.05574422715438406,AR-AirT-PAR,False
3,30,TwoStage_CBF_AirT_PAR_Residual,TimeMixer,5,1008.0,11.0,3.952651596069336,1.0342709897259752,0.43193389545132144,0.1516553219188012,0.5519207425873198,0.16482150135091694,0.861375550972968,0.05925841926892043,Two-stage CBF-residual,False
3,30,AR_only,iTransformer,5,1008.0,3.0,4.969765281677246,3.042015149928567,0.41822460227037866,0.05221557826587503,0.5600685880887205,0.07046881541788966,0.8578616649208545,0.028709703378975833,AR-only,True
3,30,AR_PAR,RF,5,1008.0,4.0,0.2790989875793457,0.027007051528602468,0.42049992653023266,0.10265363794430296,0.5602749526323989,0.12123067067507431,0.8576529127996227,0.04673008009094446,AR-PAR,False
3,30,AR_AirT_PAR_window,PatchTST,5,1008.0,9.0,3.954529905319214,1.7199840995074145,0.43505140194348646,0.1582655851823927,0.5681956309398976,0.20546537581080493,0.8496883972679055,0.07310243499595406,AR-LeafParents-window,False
3,30,AR_PAR,XGBoost,5,1008.0,4.0,0.08630919456481934,0.004381025219459119,0.4355510706136256,0.09707157113486287,0.5781576786533187,0.12668725043664772,0.8492561332305385,0.04540945718490018,AR-PAR,False
3,30,TwoStage_CBF_AirT_PAR,iTransformer,5,1008.0,5.0,4.060981130599975,3.410004180795743,0.4510646858287416,0.16742680082465342,0.5799697192356665,0.19372978632294466,0.8477281186420174,0.06857164971948913,Two-stage CBF,True
3,30,AR_AirT,RF,5,1008.0,4.0,0.27383832931518554,0.016312865863604736,0.42973486469580535,0.14726961843263245,0.6007196771892752,0.21348341233612741,0.8331573785890811,0.08748728051888637,AR-AirT,True
3,30,TwoStage_CBF_AirT_PAR,RF,5,1008.0,5.0,0.29615163803100586,0.017022518031927763,0.44816391977164016,0.1265115957864815,0.6054033837993303,0.1781728185490584,0.8342289470865886,0.06797829245807094,Two-stage CBF,True
3,30,AR_AirT,XGBoost,5,1008.0,4.0,0.08703470230102539,0.005539517986338006,0.43071114964459933,0.14698214980703211,0.6098088772732857,0.23681318347028815,0.8284491924743849,0.09401356162522627,AR-AirT,True
3,30,TwoStage_CBF_AirT_PAR,XGBoost,5,1008.0,5.0,0.08913016319274902,0.005604643705302105,0.4549914073691796,0.1375486623094204,0.6296505795823787,0.20427518894367264,0.8193531695235675,0.08557636527502945,Two-stage CBF,True
3,30,AR_AirT_PAR,RF,5,1008.0,5.0,0.2858062744140625,0.05856160514446651,0.4774743045392995,0.154822290720718,0.6302510097982275,0.20183138361164385,0.8199324899896061,0.07945101844076519,AR-AirT-PAR,False
3,30,AR_AllState,XGBoost,5,1008.0,7.0,0.09421734809875489,0.010965872592506247,0.48010813008162073,0.18498141896171028,0.6420966886021763,0.24487337786633484,0.8088334084840548,0.10958757073392494,AR-AllState,False
3,30,TwoStage_CBF_AirT_PAR_Residual,XGBoost,5,1008.0,11.0,0.10292425155639648,0.0081519810950472,0.4684545368063386,0.19815315424561325,0.6429913226573932,0.26862105381366447,0.8063253569325981,0.12466892303590149,Two-stage CBF-residual,False
3,30,AR_AirT_PAR_window,XGBoost,5,1008.0,9.0,0.09854540824890137,0.007393776765935185,0.4875727117074229,0.19809248282333916,0.6622908920612633,0.27116636039963976,0.7937211429531453,0.13280870783459603,AR-LeafParents-window,False
3,30,AR-LeafParents,XGBoost,5,1008.0,3.0,0.09192829132080078,0.004743826515115163,0.501339058366402,0.16616813451532375,0.6640908459998276,0.21256865195419344,0.7983549704542291,0.09638232403854853,AR-LeafParents,True
3,30,AR_AirT_PAR,XGBoost,5,1008.0,5.0,0.0913245677947998,0.0052500497087973426,0.5007384824954644,0.17612764270993855,0.671966796448497,0.23851048466257962,0.7920719058195843,0.11127935956785094,AR-AirT-PAR,False
3,30,AR_AllState,RF,5,1008.0,7.0,0.2806061267852783,0.018468467273241376,0.5309411619264311,0.20697407078034538,0.6898395544562991,0.2602076652819304,0.7788143264940495,0.1271475996744405,AR-AllState,False
3,30,AR_AirT_PAR_window,RF,5,1008.0,9.0,0.2877767562866211,0.02665179318665253,0.5185525367351682,0.22183160903825844,0.6981992295026676,0.30242030289474997,0.7718550906509342,0.14821564342974972,AR-LeafParents-window,False
3,30,TwoStage_CBF_AirT_PAR_Residual,RF,5,1008.0,11.0,0.31520843505859375,0.021360811091899426,0.5193108679869531,0.22006996378834115,0.699604899918838,0.2989370799681173,0.7721004600841149,0.14467171108009627,Two-stage CBF-residual,False
3,30,AR-LeafParents,RF,5,1008.0,3.0,0.24899144172668458,0.015604359025113583,0.5657796169484222,0.17556108267524215,0.7279499827522555,0.22152787052456935,0.7578870324425913,0.11176471838984132,AR-LeafParents,True
3,30,AR-LeafParents,iTransformer,5,1008.0,3.0,4.683797359466553,4.067299166174307,0.6508784042871637,0.2609559818282862,0.8311496753312884,0.2580148541665362,0.6823989876081554,0.15712342907506913,AR-LeafParents,True
3,30,AR_AirT_PAR_window,iTransformer,5,1008.0,9.0,2.8816271781921388,0.830864401806927,0.7343677383590086,0.2681913130309093,0.8680527540327587,0.26378893619102417,0.6532712072862137,0.1569277622205594,AR-LeafParents-window,False
3,30,TwoStage_CBF_AirT_PAR_Residual,iTransformer,5,1008.0,11.0,4.753689479827881,2.4341356055640158,0.6828706490400606,0.26383956266942554,0.8831309692510946,0.2990147046084479,0.6434680329682323,0.17162463426115399,Two-stage CBF-residual,False
6,60,AR_AirT_PAR,PatchTST,5,1008.0,5.0,3.699955368041992,1.6741850994487184,0.43104869345003954,0.11096553767022399,0.5701513236463339,0.15236651846355304,0.8454471639774646,0.07637342286433735,AR-AirT-PAR,False
6,60,TwoStage_CBF_AirT_PAR,PatchTST,5,1008.0,5.0,2.435179662704468,0.6877041376520843,0.4455001191170217,0.10339233188944323,0.5878237674079978,0.14574843847999583,0.840012238401094,0.06841090887936707,Two-stage CBF,True
6,60,AR_AirT,PatchTST,5,1008.0,4.0,4.52101697921753,1.7285161948903516,0.45922789515137036,0.15713618503356044,0.5978426035800173,0.19231953045615874,0.8334719500442006,0.07616781432473832,AR-AirT,True
6,60,AR_AirT,iTransformer,5,1008.0,4.0,4.013416576385498,2.116601369987761,0.45557915227231155,0.13609035646020617,0.6192178972310216,0.16769779918506278,0.8230445179056385,0.07847416779099632,AR-AirT,True
6,60,AR_AllState,Ridge,5,1008.0,7.0,0.0009989738464355469,1.3167096396907903e-06,0.506578530836049,0.058794820812097956,0.6233823628331955,0.08730447876387044,0.8219637429902523,0.05061811936710642,AR-AllState,False
6,60,TwoStage_CBF_AirT_PAR,TimeMixer,5,1008.0,5.0,1.47027587890625,0.19984592679806562,0.5098599646460892,0.11530359094253315,0.6455094251794747,0.1481442996429617,0.8101581986889019,0.0669951966211504,Two-stage CBF,True
6,60,AR_AirT_PAR,TimeMixer,5,1008.0,5.0,1.5060192108154298,0.6479194338690788,0.5103750187455031,0.17311514557352753,0.6531801751534208,0.21264303900622436,0.8054422481024124,0.08630523689461093,AR-AirT-PAR,False
6,60,TwoStage_CBF_AirT_PAR_Residual,Ridge,5,1008.0,11.0,0.0020073413848876952,0.0012398594773548924,0.5319595613242878,0.05288371602759618,0.6543557177452352,0.05045848060397197,0.8017938740075377,0.05235355633517079,Two-stage CBF-residual,False
6,60,AR_AirT,Ridge,5,1008.0,4.0,0.0005997657775878906,0.0005475089849253257,0.521059891503316,0.05625647454075346,0.6544312539556947,0.09922278552477815,0.8020641075207123,0.06577545132201705,AR-AirT,True
6,60,AR_only,PatchTST,5,1008.0,3.0,6.010374879837036,1.5179880624628186,0.48491829698840866,0.06000969800369143,0.660175753127419,0.08818530510158142,0.8007454425726047,0.05246978155283734,AR-only,True
6,60,AR_AirT_PAR_window,Ridge,5,1008.0,9.0,0.0008012294769287109,0.00044791048755077047,0.5561577446029683,0.05434604246953848,0.6793942315106217,0.06060249814780492,0.7911189202416262,0.030437494811863253,AR-LeafParents-window,False
6,60,TwoStage_CBF_AirT_PAR,Ridge,5,1008.0,5.0,0.002324342727661133,0.00046533296931858714,0.5632115852659625,0.04700657474267735,0.6839757800065774,0.052927135262010636,0.7862602849209545,0.0435269868614984,Two-stage CBF,True
6,60,AR_AirT,TimeMixer,5,1008.0,4.0,1.8458673477172851,1.2350311427237393,0.5308199881173765,0.1539577618887978,0.6887863173087543,0.1845774519433022,0.7838087228978255,0.0841300806300732,AR-AirT,True
6,60,AR_AirT_PAR,Ridge,5,1008.0,5.0,0.0007993221282958984,0.0004468363193965665,0.5744274039090992,0.05430188503368874,0.6964117312139111,0.058493062059970714,0.7801490945714877,0.03382063525179154,AR-AirT-PAR,False
6,60,AR-LeafParents,Ridge,5,1008.0,3.0,0.0007952213287353516,0.0004446597456321382,0.5747438718456909,0.0545911033658732,0.6976919297654465,0.05935664082941975,0.7793906640200958,0.03381617352657712,AR-LeafParents,True
6,60,TwoStage_CBF_AirT_PAR,iTransformer,5,1008.0,5.0,2.561634588241577,0.503132837440549,0.5479339685339145,0.09912181273449952,0.6978610150145919,0.11067458234301616,0.7752732916007352,0.07556489676826934,Two-stage CBF,True
6,60,AR_only,TimeMixer,5,1008.0,3.0,3.9992273330688475,2.0410481401589173,0.5392167874946796,0.07453817854627517,0.715156084650477,0.1077698820088176,0.766640245333875,0.06492377463111987,AR-only,True
6,60,AR_AirT_PAR,iTransformer,5,1008.0,5.0,3.069946527481079,1.0975435215813565,0.5738522109194827,0.1833331861852594,0.724451100344438,0.20362473842458775,0.7583062857316853,0.11091131124972116,AR-AirT-PAR,False
6,60,AR_only,RF,5,1008.0,3.0,0.24787826538085939,0.019760488546811603,0.55713247415116,0.05525010940473352,0.7366522287738507,0.06920183066350376,0.7559204701730499,0.01856550270566379,AR-only,True
6,60,AR_only,XGBoost,5,1008.0,3.0,0.08810815811157227,0.004723144595803661,0.5627334054887789,0.048280521260016564,0.7419717694532995,0.06734431584963983,0.751414725876864,0.030735886910439526,AR-only,True
6,60,AR_PAR,Ridge,5,1008.0,4.0,0.00039944648742675783,0.0005469647915827279,0.6062741179032929,0.07006875150498447,0.7468245918625793,0.06538765962712095,0.7475860191490307,0.03479958583012089,AR-PAR,False
6,60,AR-LeafParents,TimeMixer,5,1008.0,3.0,2.681971025466919,0.6823487343346355,0.6031249964866147,0.19749999003896737,0.751627958629659,0.2416563999518385,0.7464856709826773,0.10678204957464621,AR-LeafParents,True
6,60,AR_AirT_PAR_window,TimeMixer,5,1008.0,9.0,2.7517897605896,1.03389904311054,0.6051499322132908,0.1787136065416507,0.751946281173822,0.17184940339817548,0.7445364555689155,0.08203948091955103,AR-LeafParents-window,False
6,60,AR_only,Ridge,5,1008.0,3.0,0.0007996559143066406,0.000447021674916132,0.5957564200977361,0.042729872075109414,0.7619875283263745,0.06499492958365045,0.7379168617085211,0.028554560165539058,AR-only,True
6,60,AR_AirT_PAR_window,PatchTST,5,1008.0,9.0,3.8687133312225344,2.0657185370223954,0.6027407794730373,0.19145511517526598,0.7660989156815904,0.1981312231936817,0.7364379734795675,0.08254979075819274,AR-LeafParents-window,False
6,60,TwoStage_CBF_AirT_PAR_Residual,PatchTST,5,1008.0,11.0,4.189265727996826,2.008078365770313,0.5630617401385434,0.21836693038904842,0.7668765412395486,0.3192781272774579,0.7303759681316394,0.16294694200763188,Two-stage CBF-residual,False
6,60,TwoStage_CBF_AirT_PAR_ValidationSelected,ValidationSelected,5,1008.0,5.0,0.1926863193511963,0.1871547153231631,0.6231234753691729,0.11940068740534274,0.7672111655085923,0.15449299002273284,0.7378934303594886,0.05048047684718334,Two-stage CBF-validation,False
6,60,AR_only,iTransformer,5,1008.0,3.0,4.128439235687256,1.1002163451779563,0.6085016150752073,0.0732566959687535,0.7962690684826216,0.09706876220918063,0.7148008278110408,0.038356254820066715,AR-only,True
6,60,AR-LeafParents,PatchTST,5,1008.0,3.0,4.8123925685882565,2.5200597560973534,0.6119827191020535,0.26772988456264546,0.8200981082522469,0.4050845519424138,0.6859652134042029,0.23977932688701029,AR-LeafParents,True
6,60,TwoStage_CBF_AirT_PAR_Residual,TimeMixer,5,1008.0,11.0,2.977869653701782,1.8097551394960347,0.6821370121472186,0.1850545518596275,0.8362245892506627,0.188949224535754,0.6840549151469527,0.10246744695101676,Two-stage CBF-residual,False
6,60,AR_AirT_PAR_window,iTransformer,5,1008.0,9.0,3.496557903289795,1.1816311976918736,0.7186258660321512,0.2798844865311557,0.8719734325369103,0.2691085897524757,0.6540759628875699,0.15279967843870196,AR-LeafParents-window,False
6,60,AR_AirT,RF,5,1008.0,4.0,0.27527637481689454,0.014254438415915158,0.6550740467057928,0.22433537183807828,0.8920123954586865,0.3188879795992269,0.6293280153247345,0.20525150984705196,AR-AirT,True
6,60,AR-LeafParents,iTransformer,5,1008.0,3.0,3.2740371227264404,1.081226956826844,0.7213203260965267,0.27418257730303236,0.9113703767812276,0.32360934520332635,0.619099143914465,0.19766197680459827,AR-LeafParents,True
6,60,TwoStage_CBF_AirT_PAR,RF,5,1008.0,5.0,0.2897012233734131,0.033698502246970054,0.6689604316624643,0.1762989210978906,0.9147387509230365,0.26206047886170436,0.6222336587930771,0.14581179939554045,Two-stage CBF,True
6,60,TwoStage_CBF_AirT_PAR,XGBoost,5,1008.0,5.0,0.09291195869445801,0.006092048640236511,0.6722853002836554,0.20356232133103516,0.9416536066118916,0.3247942873285631,0.5950089938022358,0.20216547155114514,Two-stage CBF,True
6,60,AR_AirT,XGBoost,5,1008.0,4.0,0.08770985603332519,0.007596411374811833,0.6676539280654261,0.23805868009417086,0.9543455673044263,0.41435419443218546,0.5649831826659069,0.296993640256813,AR-AirT,True
6,60,TwoStage_CBF_AirT_PAR_Residual,iTransformer,5,1008.0,11.0,3.42611026763916,1.6528825294541902,0.7626434860734082,0.29404620103222473,0.9612547595361803,0.3463665001975939,0.5787480835153367,0.21549084747706282,Two-stage CBF-residual,False
6,60,AR_PAR,RF,5,1008.0,4.0,0.27489314079284666,0.01367686983764007,0.8262080300832885,0.3683205228552805,1.0972757956167025,0.47307425852920243,0.4290934867048041,0.3896333970573782,AR-PAR,False
6,60,TwoStage_CBF_AirT_PAR_Residual,XGBoost,5,1008.0,11.0,0.10242300033569336,0.003158415418309272,0.7864482588829276,0.41607239676758123,1.100750571209246,0.6078875246958085,0.3966319019805856,0.521638218263256,Two-stage CBF-residual,False
6,60,AR_AirT_PAR_window,XGBoost,5,1008.0,9.0,0.11433439254760742,0.022376197636944307,0.7930616159489545,0.4032830501717877,1.1009357866980456,0.5950164997070081,0.40454455345868234,0.49837191242014617,AR-LeafParents-window,False
6,60,AR_PAR,XGBoost,5,1008.0,4.0,0.09177708625793457,0.0030884591769302543,0.8367982629344455,0.3526095485791123,1.1022434632294815,0.4664631573640409,0.43106111716724255,0.3652891809070359,AR-PAR,False
6,60,AR_AllState,XGBoost,5,1008.0,7.0,0.09282240867614747,0.0034408218636478014,0.8059002424169469,0.3792122595446042,1.102580855180829,0.5202330161537092,0.41072656927192674,0.45187549431665736,AR-AllState,False
6,60,AR_AirT_PAR,RF,5,1008.0,5.0,0.27375149726867676,0.023510015348215896,0.8123597747437834,0.34192606938385234,1.1091530944871444,0.47056296441208045,0.42133726431062957,0.381531484131212,AR-AirT-PAR,False
6,60,TwoStage_CBF_AirT_PAR_Residual,RF,5,1008.0,11.0,0.3078144073486328,0.028388622023390087,0.798935370064977,0.3678163929229413,1.1218942696212937,0.5510283126903053,0.39722773066927863,0.4557158282659112,Two-stage CBF-residual,False
6,60,AR-LeafParents,XGBoost,5,1008.0,3.0,0.08542013168334961,0.004420178526281289,0.8466482111360658,0.3744567256881514,1.1359994485625935,0.5203352025569149,0.37447818140406686,0.4744518480372414,AR-LeafParents,True
6,60,AR_AirT_PAR_window,RF,5,1008.0,9.0,0.29590940475463867,0.02281780736855042,0.8210032071030092,0.383720500547124,1.1526094673853362,0.5607862729319952,0.364791870851534,0.4756112843164286,AR-LeafParents-window,False
6,60,AR_AllState,RF,5,1008.0,7.0,0.2881452560424805,0.028315862546239332,0.8677816753826605,0.3903855002754067,1.1534687630112281,0.5030110742362517,0.36554667587029915,0.4456643654070748,AR-AllState,False
6,60,AR_AirT_PAR,XGBoost,5,1008.0,5.0,0.12463793754577637,0.011955251988084135,0.8410488734371446,0.3715192795405627,1.1602631418952136,0.5330016435712742,0.35502153296197186,0.4706917617053364,AR-AirT-PAR,False
6,60,AR-LeafParents,RF,5,1008.0,3.0,0.24928956031799315,0.021619129429851388,0.8821697212237908,0.32233829079310483,1.1785000565061396,0.452669119073485,0.3533093196845267,0.38287815797786506,AR-LeafParents,True
12,120,TwoStage_CBF_AirT_PAR,PatchTST,5,1008.0,5.0,3.3264862537384032,0.9447118228924762,0.7623683331403781,0.0937410267359647,0.9525391747171892,0.11468811872651183,0.5886556895552382,0.08185124879705266,Two-stage CBF,True
12,120,AR_AllState,Ridge,5,1008.0,7.0,0.0007997035980224609,0.00044704842228906116,0.8090167172550572,0.07182770757719155,0.9688582271174304,0.08554801256124363,0.57453061128695,0.06711376978562865,AR-AllState,False
12,120,AR_AirT,iTransformer,5,1008.0,4.0,3.6461493968963623,1.1703630787281887,0.7451688354482096,0.1321244708653022,0.977055299125173,0.16066437837826975,0.5699819641639331,0.09269608598434072,AR-AirT,True
12,120,TwoStage_CBF_AirT_PAR_Residual,Ridge,5,1008.0,11.0,0.0020015716552734377,4.8258417615244055e-06,0.8373070805249968,0.11000996028458175,0.9994006744386926,0.10892544276163789,0.5334712750422372,0.15023495303632534,Two-stage CBF-residual,False
12,120,AR-LeafParents,TimeMixer,5,1008.0,3.0,2.886026382446289,1.6608525782267336,0.834069121638303,0.11937762060691372,1.0123711080570852,0.09242485471757712,0.5332113248059198,0.08855044760821867,AR-LeafParents,True
12,120,AR_AirT,PatchTST,5,1008.0,4.0,2.790056324005127,0.8002879059501965,0.8138092863835444,0.20623694908774146,1.013884586955831,0.26081954427523457,0.5380593873643489,0.14697825808768106,AR-AirT,True
12,120,AR_AirT_PAR,PatchTST,5,1008.0,5.0,2.454888916015625,0.36106873145353335,0.8314461843724154,0.1404325167743995,1.017649360049956,0.16815695665049324,0.5352509484391601,0.08687736342221379,AR-AirT-PAR,False
12,120,AR-LeafParents,PatchTST,5,1008.0,3.0,3.0306833267211912,0.7600746996892731,0.8134980269840785,0.13530135159792747,1.02607150430547,0.135406616725851,0.5251310059045773,0.08178948165153035,AR-LeafParents,True
12,120,AR_AirT_PAR,TimeMixer,5,1008.0,5.0,1.788376522064209,0.8283963226423317,0.8349757835801948,0.1252163965346517,1.0379996550979111,0.14928992002903416,0.5162139216041268,0.07222570806742389,AR-AirT-PAR,False
12,120,AR_AirT_PAR,iTransformer,5,1008.0,5.0,2.8519969463348387,0.9262314386524008,0.8225957911506532,0.21649234224923863,1.0440735986872405,0.2559879866642798,0.5139784947064994,0.13469356863975812,AR-AirT-PAR,False
12,120,AR_AirT,TimeMixer,5,1008.0,4.0,1.5401718616485596,0.7385274146089674,0.8326479157543686,0.09460997077060279,1.04506054569827,0.11986507339235503,0.5074637569863185,0.07372845623229264,AR-AirT,True
12,120,AR_only,PatchTST,5,1008.0,3.0,5.181669664382935,1.5863662138013743,0.81845179057752,0.12365602948578677,1.0452161316231932,0.13811977019287203,0.5118719019460197,0.031694125306279616,AR-only,True
12,120,TwoStage_CBF_AirT_PAR,iTransformer,5,1008.0,5.0,3.8878273487091066,2.1402260458016102,0.8387935565615455,0.2277054163809966,1.0458329035249192,0.27185631360347845,0.5105037948912786,0.15310887425524142,Two-stage CBF,True
12,120,TwoStage_CBF_AirT_PAR_Residual,PatchTST,5,1008.0,11.0,3.8587275981903075,0.3592147490164293,0.8040089661885821,0.2223003680901849,1.0490550429077847,0.28984927336882654,0.51015390681678,0.16166587078135888,Two-stage CBF-residual,False
12,120,TwoStage_CBF_AirT_PAR,Ridge,5,1008.0,5.0,0.0025993824005126954,0.0005471710961366959,0.888385511007453,0.09730795460468812,1.0526283224814317,0.08774061653166038,0.4903171973541385,0.12086130974293242,Two-stage CBF,True
12,120,TwoStage_CBF_AirT_PAR_Residual,iTransformer,5,1008.0,11.0,3.0002159595489504,1.7505178243359945,0.8950374574257584,0.2919471217222816,1.0781798300051606,0.2738120103147422,0.4677521384801784,0.2166812535055807,Two-stage CBF-residual,False
12,120,AR_AirT,Ridge,5,1008.0,4.0,0.0008170604705810547,0.00045761069210205205,0.8907670993902,0.06852791937584896,1.082337507749545,0.08774644562559787,0.47153860408286424,0.050181303539412275,AR-AirT,True
12,120,AR_AirT_PAR_window,PatchTST,5,1008.0,9.0,4.300879621505738,3.49235619545453,0.8567099159079253,0.19760407608090688,1.091288545856599,0.1840767121107473,0.4626532336497936,0.12793005983555172,AR-LeafParents-window,False
12,120,AR_AirT_PAR_window,Ridge,5,1008.0,9.0,0.0008062839508056641,0.00045093612328565353,0.9200926405647445,0.10341547620526814,1.094043260544845,0.09697691585679047,0.45813073575276775,0.07614305883964487,AR-LeafParents-window,False
12,120,TwoStage_CBF_AirT_PAR,TimeMixer,5,1008.0,5.0,2.032809352874756,1.0819233735484741,0.8823851059252622,0.18463173388862184,1.0959493470458082,0.23921385850984941,0.46373322412527945,0.12432479745546116,Two-stage CBF,True
12,120,AR_AirT_PAR_window,TimeMixer,5,1008.0,9.0,2.1340770721435547,1.433304748376215,0.9224640187510736,0.16268386282776015,1.1099459161071945,0.1453735217473862,0.44341285192557234,0.10079686232602059,AR-LeafParents-window,False
12,120,AR_only,TimeMixer,5,1008.0,3.0,2.8792839527130125,1.4855876312556409,0.8913737705371997,0.08530967947567941,1.1135315657697984,0.11658790939212138,0.4433508485549774,0.03807454551445803,AR-only,True
12,120,AR_AirT_PAR,Ridge,5,1008.0,5.0,0.00040001869201660155,0.0005477481590890459,0.9447958966039748,0.11527114423833222,1.119418474256601,0.10703789686801851,0.43244507431323526,0.08681965859110005,AR-AirT-PAR,False
12,120,AR-LeafParents,Ridge,5,1008.0,3.0,0.001005411148071289,1.2005269198213703e-05,0.9434486323211404,0.11597172923149437,1.1214020427754225,0.10837531022898572,0.43043065568477934,0.08779919297626002,AR-LeafParents,True
12,120,AR-LeafParents,iTransformer,5,1008.0,3.0,2.720143699645996,0.4739392261268719,0.9563542289330214,0.2612749398297939,1.1254984362573246,0.2362340114499921,0.41731178089846627,0.20276875964471902,AR-LeafParents,True
12,120,AR_AirT_PAR_window,iTransformer,5,1008.0,9.0,2.888227605819702,1.8532935975022162,0.9499647384875665,0.3344310374256511,1.1400788243437154,0.3303086267375589,0.4108860213176131,0.2377956693250493,AR-LeafParents-window,False
12,120,TwoStage_CBF_AirT_PAR_ValidationSelected,ValidationSelected,5,1008.0,5.0,0.1938495635986328,0.14999262629323493,0.9366517558062324,0.15200040772632917,1.147572161641061,0.199408985213367,0.41238685142602505,0.08748311424498117,Two-stage CBF-validation,False
12,120,TwoStage_CBF_AirT_PAR_Residual,TimeMixer,5,1008.0,11.0,2.3281266689300537,2.0629856628973364,0.9717037675847451,0.21674846140592857,1.149084688332345,0.20604740247243536,0.40137854803571094,0.14916835788546876,Two-stage CBF-residual,False
12,120,AR_only,RF,5,1008.0,3.0,0.24981074333190917,0.012874985180815271,0.915478996763191,0.10002959266517923,1.1512369892573084,0.12264353926721006,0.4044440473987427,0.05072452021458872,AR-only,True
12,120,AR_only,XGBoost,5,1008.0,3.0,0.09224104881286621,0.003820907882886402,0.928315351538347,0.09262829665332357,1.1646702822897468,0.11650644357015204,0.3900177403069388,0.05030354476347255,AR-only,True
12,120,AR_only,iTransformer,5,1008.0,3.0,4.332873010635376,1.3765938124887482,0.9366188060316458,0.11869735789574312,1.1659853171231542,0.1428474172976887,0.391926774991738,0.02579329019073666,AR-only,True
12,120,AR_PAR,Ridge,5,1008.0,4.0,0.0005981922149658203,0.0005460931103876663,0.9786195344179551,0.1494138997850911,1.1744979294700206,0.14976098519127673,0.3726351017565357,0.13976920652373867,AR-PAR,False
12,120,AR_only,Ridge,5,1008.0,3.0,0.00019998550415039061,0.00044718118179483976,0.9680218601082557,0.10656646395149012,1.1891224388294952,0.12263126027055837,0.36417568493828584,0.05713372481164167,AR-only,True
12,120,AR_AirT,RF,5,1008.0,4.0,0.2670635223388672,0.01634719352721153,1.0063740277706956,0.2077735619914163,1.2328621082813829,0.2323488314198604,0.31486448930551225,0.17371192311160724,AR-AirT,True
12,120,AR_AirT,XGBoost,5,1008.0,4.0,0.08742718696594239,0.004587660488413333,1.0197731657922042,0.23518615275583143,1.2546265029801744,0.2832261932090199,0.2892240746725265,0.2220836896980612,AR-AirT,True
12,120,TwoStage_CBF_AirT_PAR,XGBoost,5,1008.0,5.0,0.11534600257873535,0.04649260417911407,0.9593942543716028,0.23750630350762908,1.2716907046040762,0.40684509888047166,0.2695159536498205,0.31182313895302716,Two-stage CBF,True
12,120,TwoStage_CBF_AirT_PAR,RF,5,1008.0,5.0,0.29236373901367185,0.01691645074648225,0.992527519778994,0.22341144385193146,1.2905381862680232,0.3337929586758065,0.2496757337456165,0.2443662120816722,Two-stage CBF,True
12,120,TwoStage_CBF_AirT_PAR_Residual,XGBoost,5,1008.0,11.0,0.10493702888488769,0.0044553606634125265,0.9996499078286387,0.3433416411433328,1.319425831286664,0.533339968964172,0.19258186534142763,0.4832805416915117,Two-stage CBF-residual,False
12,120,TwoStage_CBF_AirT_PAR_Residual,RF,5,1008.0,11.0,0.31360530853271484,0.026261341321477453,1.033288144871403,0.31430011246935685,1.3571644737306978,0.5009423546447639,0.160070013805097,0.43653581213826703,Two-stage CBF-residual,False
12,120,AR_AllState,XGBoost,5,1008.0,7.0,0.09310855865478515,0.006732390063116885,1.0452485939495868,0.3664230492423794,1.3899448535893248,0.5594796973674764,0.11824422599324684,0.5104033147246602,AR-AllState,False
12,120,AR_AirT_PAR_window,RF,5,1008.0,9.0,0.2840277671813965,0.018529141613083392,1.05891995692672,0.33022481865767095,1.3983547660875062,0.4729444459749705,0.11571751207441702,0.4090297500163033,AR-LeafParents-window,False
12,120,AR_AirT_PAR_window,XGBoost,5,1008.0,9.0,0.09683094024658204,0.003825898602673909,1.0759328844440945,0.38563904756304357,1.4182948891019866,0.5663444169488836,0.075123846939779,0.5367372403479567,AR-LeafParents-window,False
12,120,AR_AllState,RF,5,1008.0,7.0,0.28554496765136717,0.01934781888701757,1.1065286812756638,0.35730085929890304,1.4238757389034966,0.47001842933504717,0.08214610708268848,0.41855719929001645,AR-AllState,False
12,120,AR_AirT_PAR,RF,5,1008.0,5.0,0.27388825416564944,0.02222052756639491,1.099052002037375,0.3397264761757658,1.4372486203414687,0.4746248658124937,0.06937798068605028,0.4138010452697883,AR-AirT-PAR,False
12,120,AR_AirT_PAR,XGBoost,5,1008.0,5.0,0.08972163200378418,0.009736480061589196,1.1549783469594435,0.3573809043695835,1.4875674230913938,0.5220418476437868,-6.143831060434479e-05,0.48353502099226553,AR-AirT-PAR,False
12,120,AR-LeafParents,RF,5,1008.0,3.0,0.23930830955505372,0.015605689419498726,1.1723312055277506,0.31814241525611886,1.4952070097318648,0.46687949731876066,-0.007019292648396291,0.41911612045240404,AR-LeafParents,True
12,120,AR_PAR,XGBoost,5,1008.0,4.0,0.08804349899291992,0.00734261367266713,1.188753126505551,0.4140344247694087,1.517185672067544,0.5736461671495383,-0.054653771670281404,0.5750298121607156,AR-PAR,False
12,120,AR_PAR,RF,5,1008.0,4.0,0.27529082298278806,0.013632730020150436,1.1801095007400035,0.42950778131777223,1.5291508026425222,0.5874806064654153,-0.07402224349820904,0.5995506732188921,AR-PAR,False
12,120,AR-LeafParents,XGBoost,5,1008.0,3.0,0.08670377731323242,0.0070089560835362085,1.2323928834954085,0.38748800335719497,1.534268467763045,0.5170943638035107,-0.07262001202487797,0.5189470091094652,AR-LeafParents,True
