sensor_scenario,event_q,deltaT_threshold,model,algorithm,horizon_min,roc_auc_mean_std,pr_auc_mean_std,f1_mean_std,top10_alert_precision_mean_std,positive_rate,n_folds,n_samples
clean,0.85,3.1400000000000006,DT-proxy base,Logistic,10,0.920 ± 0.045,0.703 ± 0.126,0.651 ± 0.087,0.676 ± 0.250,0.15134357005758156,5,10420
clean,0.85,3.1400000000000006,DT-proxy base,RF,10,0.928 ± 0.043,0.724 ± 0.110,0.665 ± 0.090,0.699 ± 0.250,0.15134357005758156,5,10420
clean,0.85,3.1400000000000006,DT-proxy base,XGBoost,10,0.926 ± 0.045,0.717 ± 0.124,0.665 ± 0.092,0.682 ± 0.246,0.15134357005758156,5,10420
clean,0.85,3.1400000000000006,Causal-parents,Logistic,10,0.930 ± 0.043,0.710 ± 0.139,0.632 ± 0.103,0.673 ± 0.251,0.15134357005758156,5,10420
clean,0.85,3.1400000000000006,Causal-parents,RF,10,0.917 ± 0.046,0.709 ± 0.136,0.650 ± 0.081,0.702 ± 0.260,0.15134357005758156,5,10420
clean,0.85,3.1400000000000006,Causal-parents,XGBoost,10,0.917 ± 0.054,0.710 ± 0.150,0.639 ± 0.103,0.693 ± 0.258,0.15134357005758156,5,10420
clean,0.85,3.1400000000000006,Causal+Lagged Controls,Logistic,10,0.912 ± 0.080,0.699 ± 0.157,0.612 ± 0.115,0.687 ± 0.244,0.15134357005758156,5,10420
clean,0.85,3.1400000000000006,Causal+Lagged Controls,RF,10,0.906 ± 0.056,0.674 ± 0.175,0.601 ± 0.108,0.707 ± 0.256,0.15134357005758156,5,10420
clean,0.85,3.1400000000000006,Causal+Lagged Controls,XGBoost,10,0.919 ± 0.063,0.690 ± 0.167,0.609 ± 0.134,0.688 ± 0.248,0.15134357005758156,5,10420
clean,0.85,3.1400000000000006,DT-proxy base,Logistic,30,0.841 ± 0.052,0.516 ± 0.158,0.513 ± 0.099,0.542 ± 0.217,0.15145108591197387,5,10406
clean,0.85,3.1400000000000006,DT-proxy base,RF,30,0.838 ± 0.053,0.514 ± 0.169,0.500 ± 0.095,0.522 ± 0.210,0.15145108591197387,5,10406
clean,0.85,3.1400000000000006,DT-proxy base,XGBoost,30,0.844 ± 0.058,0.514 ± 0.166,0.490 ± 0.111,0.522 ± 0.209,0.15145108591197387,5,10406
clean,0.85,3.1400000000000006,Causal-parents,Logistic,30,0.863 ± 0.049,0.529 ± 0.190,0.483 ± 0.113,0.537 ± 0.235,0.15145108591197387,5,10406
clean,0.85,3.1400000000000006,Causal-parents,RF,30,0.845 ± 0.049,0.538 ± 0.179,0.428 ± 0.115,0.576 ± 0.241,0.15145108591197387,5,10406
clean,0.85,3.1400000000000006,Causal-parents,XGBoost,30,0.852 ± 0.054,0.555 ± 0.185,0.475 ± 0.115,0.588 ± 0.245,0.15145108591197387,5,10406
clean,0.85,3.1400000000000006,Causal+Lagged Controls,Logistic,30,0.846 ± 0.087,0.534 ± 0.187,0.472 ± 0.151,0.547 ± 0.226,0.15145108591197387,5,10406
clean,0.85,3.1400000000000006,Causal+Lagged Controls,RF,30,0.830 ± 0.067,0.532 ± 0.204,0.400 ± 0.156,0.574 ± 0.234,0.15145108591197387,5,10406
clean,0.85,3.1400000000000006,Causal+Lagged Controls,XGBoost,30,0.842 ± 0.075,0.530 ± 0.235,0.445 ± 0.179,0.540 ± 0.239,0.15145108591197387,5,10406
clean,0.85,3.1400000000000006,DT-proxy base,Logistic,60,0.763 ± 0.036,0.378 ± 0.135,0.392 ± 0.118,0.428 ± 0.187,0.15164644714038128,5,10386
clean,0.85,3.1400000000000006,DT-proxy base,RF,60,0.756 ± 0.045,0.376 ± 0.136,0.358 ± 0.116,0.400 ± 0.164,0.15164644714038128,5,10386
clean,0.85,3.1400000000000006,DT-proxy base,XGBoost,60,0.763 ± 0.042,0.371 ± 0.135,0.376 ± 0.104,0.405 ± 0.168,0.15164644714038128,5,10386
clean,0.85,3.1400000000000006,Causal-parents,Logistic,60,0.811 ± 0.034,0.408 ± 0.173,0.352 ± 0.137,0.419 ± 0.214,0.15164644714038128,5,10386
clean,0.85,3.1400000000000006,Causal-parents,RF,60,0.777 ± 0.026,0.382 ± 0.184,0.298 ± 0.171,0.424 ± 0.189,0.15164644714038128,5,10386
clean,0.85,3.1400000000000006,Causal-parents,XGBoost,60,0.777 ± 0.048,0.390 ± 0.185,0.317 ± 0.139,0.435 ± 0.204,0.15164644714038128,5,10386
clean,0.85,3.1400000000000006,Causal+Lagged Controls,Logistic,60,0.782 ± 0.089,0.392 ± 0.188,0.371 ± 0.131,0.427 ± 0.188,0.15164644714038128,5,10386
clean,0.85,3.1400000000000006,Causal+Lagged Controls,RF,60,0.788 ± 0.086,0.429 ± 0.211,0.233 ± 0.156,0.469 ± 0.204,0.15164644714038128,5,10386
clean,0.85,3.1400000000000006,Causal+Lagged Controls,XGBoost,60,0.778 ± 0.095,0.403 ± 0.210,0.311 ± 0.143,0.436 ± 0.205,0.15164644714038128,5,10386
clean,0.85,3.1400000000000006,DT-proxy base,Logistic,120,0.710 ± 0.040,0.264 ± 0.113,0.333 ± 0.128,0.300 ± 0.174,0.1518926226342217,5,10356
clean,0.85,3.1400000000000006,DT-proxy base,RF,120,0.689 ± 0.040,0.254 ± 0.140,0.233 ± 0.095,0.294 ± 0.170,0.1518926226342217,5,10356
clean,0.85,3.1400000000000006,DT-proxy base,XGBoost,120,0.698 ± 0.040,0.259 ± 0.137,0.302 ± 0.104,0.305 ± 0.163,0.1518926226342217,5,10356
clean,0.85,3.1400000000000006,Causal-parents,Logistic,120,0.816 ± 0.048,0.356 ± 0.158,0.280 ± 0.170,0.390 ± 0.206,0.1518926226342217,5,10356
clean,0.85,3.1400000000000006,Causal-parents,RF,120,0.771 ± 0.073,0.327 ± 0.153,0.201 ± 0.147,0.355 ± 0.169,0.1518926226342217,5,10356
clean,0.85,3.1400000000000006,Causal-parents,XGBoost,120,0.787 ± 0.051,0.345 ± 0.153,0.230 ± 0.162,0.390 ± 0.188,0.1518926226342217,5,10356
clean,0.85,3.1400000000000006,Causal+Lagged Controls,Logistic,120,0.765 ± 0.104,0.335 ± 0.168,0.300 ± 0.140,0.382 ± 0.202,0.1518926226342217,5,10356
clean,0.85,3.1400000000000006,Causal+Lagged Controls,RF,120,0.794 ± 0.056,0.367 ± 0.165,0.193 ± 0.167,0.395 ± 0.196,0.1518926226342217,5,10356
clean,0.85,3.1400000000000006,Causal+Lagged Controls,XGBoost,120,0.780 ± 0.078,0.343 ± 0.170,0.226 ± 0.170,0.373 ± 0.209,0.1518926226342217,5,10356
clean,0.9,3.3800000000000026,DT-proxy base,Logistic,10,0.932 ± 0.050,0.640 ± 0.144,0.618 ± 0.084,0.543 ± 0.230,0.10057581573896353,5,10420
clean,0.9,3.3800000000000026,DT-proxy base,RF,10,0.942 ± 0.031,0.682 ± 0.114,0.640 ± 0.083,0.558 ± 0.229,0.10057581573896353,5,10420
clean,0.9,3.3800000000000026,DT-proxy base,XGBoost,10,0.945 ± 0.037,0.665 ± 0.140,0.626 ± 0.108,0.563 ± 0.236,0.10057581573896353,5,10420
clean,0.9,3.3800000000000026,Causal-parents,Logistic,10,0.934 ± 0.039,0.633 ± 0.200,0.551 ± 0.141,0.536 ± 0.257,0.10057581573896353,5,10420
clean,0.9,3.3800000000000026,Causal-parents,RF,10,0.930 ± 0.040,0.650 ± 0.132,0.562 ± 0.084,0.555 ± 0.236,0.10057581573896353,5,10420
clean,0.9,3.3800000000000026,Causal-parents,XGBoost,10,0.930 ± 0.043,0.668 ± 0.123,0.588 ± 0.069,0.545 ± 0.231,0.10057581573896353,5,10420
clean,0.9,3.3800000000000026,Causal+Lagged Controls,Logistic,10,0.910 ± 0.073,0.600 ± 0.232,0.530 ± 0.205,0.522 ± 0.258,0.10057581573896353,5,10420
clean,0.9,3.3800000000000026,Causal+Lagged Controls,RF,10,0.920 ± 0.045,0.618 ± 0.158,0.422 ± 0.179,0.531 ± 0.232,0.10057581573896353,5,10420
clean,0.9,3.3800000000000026,Causal+Lagged Controls,XGBoost,10,0.933 ± 0.051,0.642 ± 0.143,0.509 ± 0.122,0.527 ± 0.226,0.10057581573896353,5,10420
clean,0.9,3.3800000000000026,DT-proxy base,Logistic,30,0.848 ± 0.065,0.426 ± 0.180,0.419 ± 0.120,0.413 ± 0.193,0.10061502979050548,5,10406
clean,0.9,3.3800000000000026,DT-proxy base,RF,30,0.853 ± 0.043,0.423 ± 0.184,0.424 ± 0.120,0.412 ± 0.197,0.10061502979050548,5,10406
clean,0.9,3.3800000000000026,DT-proxy base,XGBoost,30,0.854 ± 0.053,0.417 ± 0.190,0.430 ± 0.124,0.413 ± 0.194,0.10061502979050548,5,10406
clean,0.9,3.3800000000000026,Causal-parents,Logistic,30,0.856 ± 0.057,0.435 ± 0.250,0.355 ± 0.222,0.397 ± 0.260,0.10061502979050548,5,10406
clean,0.9,3.3800000000000026,Causal-parents,RF,30,0.848 ± 0.050,0.428 ± 0.205,0.280 ± 0.170,0.410 ± 0.212,0.10061502979050548,5,10406
clean,0.9,3.3800000000000026,Causal-parents,XGBoost,30,0.847 ± 0.059,0.460 ± 0.202,0.339 ± 0.107,0.423 ± 0.214,0.10061502979050548,5,10406
clean,0.9,3.3800000000000026,Causal+Lagged Controls,Logistic,30,0.826 ± 0.098,0.432 ± 0.275,0.370 ± 0.227,0.401 ± 0.260,0.10061502979050548,5,10406
clean,0.9,3.3800000000000026,Causal+Lagged Controls,RF,30,0.840 ± 0.064,0.439 ± 0.225,0.257 ± 0.151,0.441 ± 0.220,0.10061502979050548,5,10406
clean,0.9,3.3800000000000026,Causal+Lagged Controls,XGBoost,30,0.843 ± 0.078,0.421 ± 0.252,0.340 ± 0.188,0.406 ± 0.210,0.10061502979050548,5,10406
clean,0.9,3.3800000000000026,DT-proxy base,Logistic,60,0.759 ± 0.055,0.282 ± 0.127,0.307 ± 0.116,0.312 ± 0.167,0.10080878105141537,5,10386
clean,0.9,3.3800000000000026,DT-proxy base,RF,60,0.743 ± 0.059,0.279 ± 0.162,0.286 ± 0.126,0.285 ± 0.167,0.10080878105141537,5,10386
clean,0.9,3.3800000000000026,DT-proxy base,XGBoost,60,0.753 ± 0.060,0.279 ± 0.162,0.293 ± 0.135,0.294 ± 0.169,0.10080878105141537,5,10386
clean,0.9,3.3800000000000026,Causal-parents,Logistic,60,0.790 ± 0.055,0.313 ± 0.202,0.239 ± 0.199,0.301 ± 0.237,0.10080878105141537,5,10386
clean,0.9,3.3800000000000026,Causal-parents,RF,60,0.746 ± 0.077,0.268 ± 0.177,0.153 ± 0.160,0.294 ± 0.171,0.10080878105141537,5,10386
clean,0.9,3.3800000000000026,Causal-parents,XGBoost,60,0.747 ± 0.085,0.271 ± 0.186,0.184 ± 0.140,0.281 ± 0.175,0.10080878105141537,5,10386
clean,0.9,3.3800000000000026,Causal+Lagged Controls,Logistic,60,0.746 ± 0.124,0.302 ± 0.210,0.272 ± 0.175,0.290 ± 0.202,0.10080878105141537,5,10386
clean,0.9,3.3800000000000026,Causal+Lagged Controls,RF,60,0.753 ± 0.108,0.297 ± 0.210,0.100 ± 0.138,0.319 ± 0.201,0.10080878105141537,5,10386
clean,0.9,3.3800000000000026,Causal+Lagged Controls,XGBoost,60,0.733 ± 0.122,0.270 ± 0.209,0.175 ± 0.184,0.283 ± 0.205,0.10080878105141537,5,10386
clean,0.9,3.3800000000000026,DT-proxy base,Logistic,120,0.714 ± 0.067,0.186 ± 0.076,0.232 ± 0.102,0.215 ± 0.147,0.10119737350328312,5,10356
clean,0.9,3.3800000000000026,DT-proxy base,RF,120,0.683 ± 0.054,0.178 ± 0.116,0.153 ± 0.124,0.194 ± 0.141,0.10119737350328312,5,10356
clean,0.9,3.3800000000000026,DT-proxy base,XGBoost,120,0.701 ± 0.047,0.185 ± 0.115,0.186 ± 0.109,0.197 ± 0.141,0.10119737350328312,5,10356
clean,0.9,3.3800000000000026,Causal-parents,Logistic,120,0.809 ± 0.066,0.275 ± 0.165,0.160 ± 0.166,0.290 ± 0.225,0.10119737350328312,5,10356
clean,0.9,3.3800000000000026,Causal-parents,RF,120,0.767 ± 0.043,0.232 ± 0.146,0.130 ± 0.127,0.237 ± 0.174,0.10119737350328312,5,10356
clean,0.9,3.3800000000000026,Causal-parents,XGBoost,120,0.787 ± 0.052,0.271 ± 0.176,0.160 ± 0.136,0.281 ± 0.210,0.10119737350328312,5,10356
clean,0.9,3.3800000000000026,Causal+Lagged Controls,Logistic,120,0.751 ± 0.114,0.258 ± 0.192,0.183 ± 0.186,0.258 ± 0.218,0.10119737350328312,5,10356
clean,0.9,3.3800000000000026,Causal+Lagged Controls,RF,120,0.784 ± 0.066,0.264 ± 0.185,0.090 ± 0.124,0.249 ± 0.192,0.10119737350328312,5,10356
clean,0.9,3.3800000000000026,Causal+Lagged Controls,XGBoost,120,0.753 ± 0.085,0.245 ± 0.185,0.126 ± 0.197,0.256 ± 0.217,0.10119737350328312,5,10356
clean,0.95,3.8100000000000023,DT-proxy base,Logistic,10,0.951 ± 0.044,0.566 ± 0.186,0.527 ± 0.155,0.315 ± 0.200,0.05047984644913628,5,10420
clean,0.95,3.8100000000000023,DT-proxy base,RF,10,0.964 ± 0.019,0.585 ± 0.219,0.541 ± 0.204,0.327 ± 0.215,0.05047984644913628,5,10420
clean,0.95,3.8100000000000023,DT-proxy base,XGBoost,10,0.963 ± 0.027,0.575 ± 0.225,0.516 ± 0.189,0.315 ± 0.199,0.05047984644913628,5,10420
clean,0.95,3.8100000000000023,Causal-parents,Logistic,10,0.938 ± 0.058,0.560 ± 0.293,0.336 ± 0.278,0.306 ± 0.235,0.05047984644913628,5,10420
clean,0.95,3.8100000000000023,Causal-parents,RF,10,0.946 ± 0.019,0.535 ± 0.235,0.404 ± 0.189,0.316 ± 0.221,0.05047984644913628,5,10420
clean,0.95,3.8100000000000023,Causal-parents,XGBoost,10,0.957 ± 0.016,0.546 ± 0.203,0.407 ± 0.199,0.322 ± 0.217,0.05047984644913628,5,10420
clean,0.95,3.8100000000000023,Causal+Lagged Controls,Logistic,10,0.900 ± 0.087,0.512 ± 0.332,0.311 ± 0.253,0.301 ± 0.240,0.05047984644913628,5,10420
clean,0.95,3.8100000000000023,Causal+Lagged Controls,RF,10,0.952 ± 0.012,0.514 ± 0.207,0.309 ± 0.216,0.325 ± 0.214,0.05047984644913628,5,10420
clean,0.95,3.8100000000000023,Causal+Lagged Controls,XGBoost,10,0.950 ± 0.016,0.506 ± 0.209,0.367 ± 0.205,0.318 ± 0.211,0.05047984644913628,5,10420
clean,0.95,3.8100000000000023,DT-proxy base,Logistic,30,0.870 ± 0.074,0.345 ± 0.213,0.339 ± 0.201,0.253 ± 0.160,0.05045166250240246,5,10406
clean,0.95,3.8100000000000023,DT-proxy base,RF,30,0.880 ± 0.016,0.335 ± 0.235,0.353 ± 0.201,0.255 ± 0.176,0.05045166250240246,5,10406
clean,0.95,3.8100000000000023,DT-proxy base,XGBoost,30,0.883 ± 0.034,0.332 ± 0.216,0.332 ± 0.211,0.247 ± 0.162,0.05045166250240246,5,10406
clean,0.95,3.8100000000000023,Causal-parents,Logistic,30,0.833 ± 0.128,0.357 ± 0.308,0.197 ± 0.257,0.255 ± 0.221,0.05045166250240246,5,10406
clean,0.95,3.8100000000000023,Causal-parents,RF,30,0.865 ± 0.056,0.311 ± 0.238,0.137 ± 0.168,0.262 ± 0.201,0.05045166250240246,5,10406
clean,0.95,3.8100000000000023,Causal-parents,XGBoost,30,0.874 ± 0.048,0.323 ± 0.246,0.143 ± 0.188,0.253 ± 0.192,0.05045166250240246,5,10406
clean,0.95,3.8100000000000023,Causal+Lagged Controls,Logistic,30,0.790 ± 0.169,0.354 ± 0.316,0.183 ± 0.212,0.249 ± 0.210,0.05045166250240246,5,10406
clean,0.95,3.8100000000000023,Causal+Lagged Controls,RF,30,0.847 ± 0.073,0.308 ± 0.253,0.112 ± 0.153,0.250 ± 0.189,0.05045166250240246,5,10406
clean,0.95,3.8100000000000023,Causal+Lagged Controls,XGBoost,30,0.839 ± 0.095,0.278 ± 0.241,0.182 ± 0.185,0.231 ± 0.176,0.05045166250240246,5,10406
clean,0.95,3.8100000000000023,DT-proxy base,Logistic,60,0.737 ± 0.119,0.175 ± 0.129,0.202 ± 0.159,0.168 ± 0.120,0.05054881571346043,5,10386
clean,0.95,3.8100000000000023,DT-proxy base,RF,60,0.726 ± 0.108,0.175 ± 0.146,0.159 ± 0.157,0.167 ± 0.138,0.05054881571346043,5,10386
clean,0.95,3.8100000000000023,DT-proxy base,XGBoost,60,0.731 ± 0.114,0.165 ± 0.128,0.175 ± 0.137,0.159 ± 0.124,0.05054881571346043,5,10386
clean,0.95,3.8100000000000023,Causal-parents,Logistic,60,0.723 ± 0.154,0.217 ± 0.213,0.127 ± 0.198,0.185 ± 0.180,0.05054881571346043,5,10386
clean,0.95,3.8100000000000023,Causal-parents,RF,60,0.717 ± 0.109,0.159 ± 0.158,0.082 ± 0.113,0.136 ± 0.118,0.05054881571346043,5,10386
clean,0.95,3.8100000000000023,Causal-parents,XGBoost,60,0.734 ± 0.097,0.167 ± 0.157,0.105 ± 0.145,0.145 ± 0.126,0.05054881571346043,5,10386
clean,0.95,3.8100000000000023,Causal+Lagged Controls,Logistic,60,0.725 ± 0.186,0.206 ± 0.200,0.154 ± 0.189,0.181 ± 0.160,0.05054881571346043,5,10386
clean,0.95,3.8100000000000023,Causal+Lagged Controls,RF,60,0.719 ± 0.155,0.165 ± 0.165,0.052 ± 0.104,0.134 ± 0.116,0.05054881571346043,5,10386
clean,0.95,3.8100000000000023,Causal+Lagged Controls,XGBoost,60,0.689 ± 0.160,0.148 ± 0.163,0.093 ± 0.153,0.116 ± 0.109,0.05054881571346043,5,10386
clean,0.95,3.8100000000000023,DT-proxy base,Logistic,120,0.668 ± 0.106,0.068 ± 0.038,0.114 ± 0.089,0.086 ± 0.071,0.050888373889532636,5,10356
clean,0.95,3.8100000000000023,DT-proxy base,RF,120,0.617 ± 0.135,0.098 ± 0.078,0.065 ± 0.053,0.106 ± 0.101,0.050888373889532636,5,10356
clean,0.95,3.8100000000000023,DT-proxy base,XGBoost,120,0.625 ± 0.109,0.092 ± 0.072,0.073 ± 0.081,0.090 ± 0.090,0.050888373889532636,5,10356
clean,0.95,3.8100000000000023,Causal-parents,Logistic,120,0.797 ± 0.067,0.190 ± 0.151,0.076 ± 0.130,0.176 ± 0.160,0.050888373889532636,5,10356
clean,0.95,3.8100000000000023,Causal-parents,RF,120,0.741 ± 0.049,0.123 ± 0.126,0.038 ± 0.060,0.103 ± 0.116,0.050888373889532636,5,10356
clean,0.95,3.8100000000000023,Causal-parents,XGBoost,120,0.775 ± 0.051,0.144 ± 0.139,0.070 ± 0.076,0.136 ± 0.144,0.050888373889532636,5,10356
clean,0.95,3.8100000000000023,Causal+Lagged Controls,Logistic,120,0.733 ± 0.116,0.149 ± 0.185,0.129 ± 0.192,0.110 ± 0.145,0.050888373889532636,5,10356
clean,0.95,3.8100000000000023,Causal+Lagged Controls,RF,120,0.776 ± 0.104,0.158 ± 0.189,0.056 ± 0.102,0.117 ± 0.145,0.050888373889532636,5,10356
clean,0.95,3.8100000000000023,Causal+Lagged Controls,XGBoost,120,0.749 ± 0.069,0.158 ± 0.176,0.079 ± 0.104,0.131 ± 0.149,0.050888373889532636,5,10356
noise_5,0.85,3.1758386827288914,DT-proxy base,Logistic,10,0.910 ± 0.053,0.672 ± 0.125,0.628 ± 0.069,0.646 ± 0.212,0.15009596928982727,5,10420
noise_5,0.85,3.1758386827288914,DT-proxy base,RF,10,0.901 ± 0.050,0.656 ± 0.138,0.618 ± 0.081,0.648 ± 0.217,0.15009596928982727,5,10420
noise_5,0.85,3.1758386827288914,DT-proxy base,XGBoost,10,0.908 ± 0.048,0.660 ± 0.138,0.612 ± 0.087,0.638 ± 0.216,0.15009596928982727,5,10420
noise_5,0.85,3.1758386827288914,Causal-parents,Logistic,10,0.918 ± 0.048,0.673 ± 0.144,0.606 ± 0.085,0.646 ± 0.213,0.15009596928982727,5,10420
noise_5,0.85,3.1758386827288914,Causal-parents,RF,10,0.904 ± 0.047,0.664 ± 0.132,0.568 ± 0.100,0.668 ± 0.225,0.15009596928982727,5,10420
noise_5,0.85,3.1758386827288914,Causal-parents,XGBoost,10,0.904 ± 0.052,0.671 ± 0.148,0.581 ± 0.099,0.666 ± 0.226,0.15009596928982727,5,10420
noise_5,0.85,3.1758386827288914,Causal+Lagged Controls,Logistic,10,0.898 ± 0.082,0.645 ± 0.170,0.582 ± 0.106,0.650 ± 0.215,0.15009596928982727,5,10420
noise_5,0.85,3.1758386827288914,Causal+Lagged Controls,RF,10,0.894 ± 0.053,0.633 ± 0.158,0.523 ± 0.113,0.647 ± 0.205,0.15009596928982727,5,10420
noise_5,0.85,3.1758386827288914,Causal+Lagged Controls,XGBoost,10,0.905 ± 0.060,0.641 ± 0.168,0.578 ± 0.125,0.657 ± 0.212,0.15009596928982727,5,10420
noise_5,0.85,3.1758386827288914,DT-proxy base,Logistic,30,0.836 ± 0.061,0.492 ± 0.152,0.487 ± 0.093,0.513 ± 0.181,0.15020180665000962,5,10406
noise_5,0.85,3.1758386827288914,DT-proxy base,RF,30,0.815 ± 0.055,0.461 ± 0.166,0.475 ± 0.099,0.510 ± 0.183,0.15020180665000962,5,10406
noise_5,0.85,3.1758386827288914,DT-proxy base,XGBoost,30,0.824 ± 0.057,0.471 ± 0.165,0.483 ± 0.100,0.508 ± 0.189,0.15020180665000962,5,10406
noise_5,0.85,3.1758386827288914,Causal-parents,Logistic,30,0.856 ± 0.050,0.499 ± 0.193,0.454 ± 0.100,0.501 ± 0.214,0.15020180665000962,5,10406
noise_5,0.85,3.1758386827288914,Causal-parents,RF,30,0.836 ± 0.043,0.506 ± 0.171,0.414 ± 0.104,0.537 ± 0.201,0.15020180665000962,5,10406
noise_5,0.85,3.1758386827288914,Causal-parents,XGBoost,30,0.834 ± 0.056,0.515 ± 0.191,0.450 ± 0.129,0.537 ± 0.211,0.15020180665000962,5,10406
noise_5,0.85,3.1758386827288914,Causal+Lagged Controls,Logistic,30,0.836 ± 0.086,0.493 ± 0.203,0.444 ± 0.137,0.521 ± 0.213,0.15020180665000962,5,10406
noise_5,0.85,3.1758386827288914,Causal+Lagged Controls,RF,30,0.823 ± 0.058,0.504 ± 0.200,0.373 ± 0.115,0.546 ± 0.207,0.15020180665000962,5,10406
noise_5,0.85,3.1758386827288914,Causal+Lagged Controls,XGBoost,30,0.830 ± 0.071,0.486 ± 0.215,0.398 ± 0.138,0.517 ± 0.210,0.15020180665000962,5,10406
noise_5,0.85,3.1758386827288914,DT-proxy base,Logistic,60,0.753 ± 0.039,0.361 ± 0.134,0.379 ± 0.107,0.403 ± 0.172,0.1503947621798575,5,10386
noise_5,0.85,3.1758386827288914,DT-proxy base,RF,60,0.736 ± 0.041,0.342 ± 0.143,0.357 ± 0.103,0.397 ± 0.167,0.1503947621798575,5,10386
noise_5,0.85,3.1758386827288914,DT-proxy base,XGBoost,60,0.748 ± 0.041,0.346 ± 0.130,0.367 ± 0.105,0.391 ± 0.145,0.1503947621798575,5,10386
noise_5,0.85,3.1758386827288914,Causal-parents,Logistic,60,0.800 ± 0.038,0.387 ± 0.184,0.347 ± 0.154,0.401 ± 0.215,0.1503947621798575,5,10386
noise_5,0.85,3.1758386827288914,Causal-parents,RF,60,0.767 ± 0.031,0.364 ± 0.158,0.288 ± 0.148,0.403 ± 0.179,0.1503947621798575,5,10386
noise_5,0.85,3.1758386827288914,Causal-parents,XGBoost,60,0.768 ± 0.049,0.374 ± 0.169,0.320 ± 0.141,0.410 ± 0.187,0.1503947621798575,5,10386
noise_5,0.85,3.1758386827288914,Causal+Lagged Controls,Logistic,60,0.775 ± 0.088,0.382 ± 0.185,0.368 ± 0.122,0.421 ± 0.183,0.1503947621798575,5,10386
noise_5,0.85,3.1758386827288914,Causal+Lagged Controls,RF,60,0.783 ± 0.059,0.409 ± 0.189,0.238 ± 0.145,0.468 ± 0.183,0.1503947621798575,5,10386
noise_5,0.85,3.1758386827288914,Causal+Lagged Controls,XGBoost,60,0.772 ± 0.082,0.396 ± 0.189,0.321 ± 0.110,0.437 ± 0.181,0.1503947621798575,5,10386
noise_5,0.85,3.1758386827288914,DT-proxy base,Logistic,120,0.713 ± 0.033,0.266 ± 0.110,0.334 ± 0.116,0.312 ± 0.167,0.15063731170336037,5,10356
noise_5,0.85,3.1758386827288914,DT-proxy base,RF,120,0.688 ± 0.042,0.255 ± 0.142,0.268 ± 0.121,0.308 ± 0.191,0.15063731170336037,5,10356
noise_5,0.85,3.1758386827288914,DT-proxy base,XGBoost,120,0.696 ± 0.033,0.260 ± 0.145,0.284 ± 0.116,0.305 ± 0.184,0.15063731170336037,5,10356
noise_5,0.85,3.1758386827288914,Causal-parents,Logistic,120,0.819 ± 0.052,0.364 ± 0.155,0.302 ± 0.156,0.405 ± 0.199,0.15063731170336037,5,10356
noise_5,0.85,3.1758386827288914,Causal-parents,RF,120,0.781 ± 0.038,0.356 ± 0.139,0.276 ± 0.112,0.394 ± 0.164,0.15063731170336037,5,10356
noise_5,0.85,3.1758386827288914,Causal-parents,XGBoost,120,0.800 ± 0.043,0.367 ± 0.140,0.276 ± 0.138,0.427 ± 0.167,0.15063731170336037,5,10356
noise_5,0.85,3.1758386827288914,Causal+Lagged Controls,Logistic,120,0.771 ± 0.103,0.349 ± 0.162,0.317 ± 0.115,0.392 ± 0.221,0.15063731170336037,5,10356
noise_5,0.85,3.1758386827288914,Causal+Lagged Controls,RF,120,0.802 ± 0.072,0.386 ± 0.176,0.191 ± 0.154,0.421 ± 0.177,0.15063731170336037,5,10356
noise_5,0.85,3.1758386827288914,Causal+Lagged Controls,XGBoost,120,0.785 ± 0.084,0.366 ± 0.178,0.242 ± 0.155,0.404 ± 0.199,0.15063731170336037,5,10356
noise_5,0.9,3.408375338190723,DT-proxy base,Logistic,10,0.920 ± 0.044,0.603 ± 0.154,0.571 ± 0.100,0.524 ± 0.222,0.10009596928982725,5,10420
noise_5,0.9,3.408375338190723,DT-proxy base,RF,10,0.907 ± 0.041,0.583 ± 0.171,0.573 ± 0.124,0.516 ± 0.225,0.10009596928982725,5,10420
noise_5,0.9,3.408375338190723,DT-proxy base,XGBoost,10,0.915 ± 0.039,0.579 ± 0.175,0.552 ± 0.149,0.511 ± 0.226,0.10009596928982725,5,10420
noise_5,0.9,3.408375338190723,Causal-parents,Logistic,10,0.920 ± 0.044,0.592 ± 0.209,0.504 ± 0.213,0.494 ± 0.244,0.10009596928982725,5,10420
noise_5,0.9,3.408375338190723,Causal-parents,RF,10,0.907 ± 0.044,0.588 ± 0.188,0.498 ± 0.120,0.529 ± 0.245,0.10009596928982725,5,10420
noise_5,0.9,3.408375338190723,Causal-parents,XGBoost,10,0.910 ± 0.045,0.585 ± 0.206,0.498 ± 0.157,0.513 ± 0.237,0.10009596928982725,5,10420
noise_5,0.9,3.408375338190723,Causal+Lagged Controls,Logistic,10,0.899 ± 0.075,0.576 ± 0.220,0.510 ± 0.184,0.501 ± 0.249,0.10009596928982725,5,10420
noise_5,0.9,3.408375338190723,Causal+Lagged Controls,RF,10,0.897 ± 0.057,0.559 ± 0.200,0.438 ± 0.194,0.511 ± 0.235,0.10009596928982725,5,10420
noise_5,0.9,3.408375338190723,Causal+Lagged Controls,XGBoost,10,0.907 ± 0.054,0.551 ± 0.219,0.456 ± 0.219,0.507 ± 0.248,0.10009596928982725,5,10420
noise_5,0.9,3.408375338190723,DT-proxy base,Logistic,30,0.842 ± 0.059,0.422 ± 0.164,0.433 ± 0.097,0.400 ± 0.168,0.10013453776667307,5,10406
noise_5,0.9,3.408375338190723,DT-proxy base,RF,30,0.827 ± 0.052,0.399 ± 0.178,0.411 ± 0.119,0.395 ± 0.173,0.10013453776667307,5,10406
noise_5,0.9,3.408375338190723,DT-proxy base,XGBoost,30,0.836 ± 0.061,0.405 ± 0.174,0.417 ± 0.111,0.387 ± 0.166,0.10013453776667307,5,10406
noise_5,0.9,3.408375338190723,Causal-parents,Logistic,30,0.852 ± 0.055,0.423 ± 0.239,0.321 ± 0.234,0.394 ± 0.244,0.10013453776667307,5,10406
noise_5,0.9,3.408375338190723,Causal-parents,RF,30,0.841 ± 0.045,0.437 ± 0.203,0.336 ± 0.139,0.409 ± 0.202,0.10013453776667307,5,10406
noise_5,0.9,3.408375338190723,Causal-parents,XGBoost,30,0.838 ± 0.065,0.446 ± 0.216,0.359 ± 0.138,0.409 ± 0.208,0.10013453776667307,5,10406
noise_5,0.9,3.408375338190723,Causal+Lagged Controls,Logistic,30,0.830 ± 0.086,0.419 ± 0.243,0.366 ± 0.229,0.394 ± 0.228,0.10013453776667307,5,10406
noise_5,0.9,3.408375338190723,Causal+Lagged Controls,RF,30,0.826 ± 0.060,0.436 ± 0.207,0.263 ± 0.171,0.424 ± 0.207,0.10013453776667307,5,10406
noise_5,0.9,3.408375338190723,Causal+Lagged Controls,XGBoost,30,0.832 ± 0.085,0.402 ± 0.247,0.320 ± 0.193,0.410 ± 0.224,0.10013453776667307,5,10406
noise_5,0.9,3.408375338190723,DT-proxy base,Logistic,60,0.755 ± 0.054,0.288 ± 0.121,0.309 ± 0.125,0.300 ± 0.141,0.10032736375890622,5,10386
noise_5,0.9,3.408375338190723,DT-proxy base,RF,60,0.719 ± 0.074,0.269 ± 0.128,0.271 ± 0.122,0.278 ± 0.138,0.10032736375890622,5,10386
noise_5,0.9,3.408375338190723,DT-proxy base,XGBoost,60,0.743 ± 0.071,0.264 ± 0.117,0.289 ± 0.128,0.291 ± 0.156,0.10032736375890622,5,10386
noise_5,0.9,3.408375338190723,Causal-parents,Logistic,60,0.781 ± 0.062,0.306 ± 0.202,0.251 ± 0.203,0.297 ± 0.232,0.10032736375890622,5,10386
noise_5,0.9,3.408375338190723,Causal-parents,RF,60,0.740 ± 0.070,0.254 ± 0.148,0.203 ± 0.124,0.271 ± 0.146,0.10032736375890622,5,10386
noise_5,0.9,3.408375338190723,Causal-parents,XGBoost,60,0.744 ± 0.086,0.272 ± 0.170,0.209 ± 0.136,0.278 ± 0.164,0.10032736375890622,5,10386
noise_5,0.9,3.408375338190723,Causal+Lagged Controls,Logistic,60,0.756 ± 0.104,0.303 ± 0.204,0.264 ± 0.180,0.295 ± 0.193,0.10032736375890622,5,10386
noise_5,0.9,3.408375338190723,Causal+Lagged Controls,RF,60,0.758 ± 0.073,0.300 ± 0.207,0.128 ± 0.165,0.308 ± 0.191,0.10032736375890622,5,10386
noise_5,0.9,3.408375338190723,Causal+Lagged Controls,XGBoost,60,0.741 ± 0.123,0.273 ± 0.201,0.162 ± 0.180,0.265 ± 0.200,0.10032736375890622,5,10386
noise_5,0.9,3.408375338190723,DT-proxy base,Logistic,120,0.703 ± 0.057,0.176 ± 0.079,0.231 ± 0.099,0.206 ± 0.140,0.100714561606798,5,10356
noise_5,0.9,3.408375338190723,DT-proxy base,RF,120,0.673 ± 0.043,0.165 ± 0.102,0.170 ± 0.102,0.190 ± 0.138,0.100714561606798,5,10356
noise_5,0.9,3.408375338190723,DT-proxy base,XGBoost,120,0.682 ± 0.040,0.177 ± 0.109,0.196 ± 0.110,0.203 ± 0.152,0.100714561606798,5,10356
noise_5,0.9,3.408375338190723,Causal-parents,Logistic,120,0.808 ± 0.065,0.272 ± 0.156,0.182 ± 0.157,0.283 ± 0.203,0.100714561606798,5,10356
noise_5,0.9,3.408375338190723,Causal-parents,RF,120,0.768 ± 0.039,0.223 ± 0.120,0.130 ± 0.086,0.232 ± 0.126,0.100714561606798,5,10356
noise_5,0.9,3.408375338190723,Causal-parents,XGBoost,120,0.789 ± 0.053,0.253 ± 0.146,0.133 ± 0.105,0.262 ± 0.166,0.100714561606798,5,10356
noise_5,0.9,3.408375338190723,Causal+Lagged Controls,Logistic,120,0.749 ± 0.113,0.259 ± 0.184,0.194 ± 0.160,0.260 ± 0.213,0.100714561606798,5,10356
noise_5,0.9,3.408375338190723,Causal+Lagged Controls,RF,120,0.779 ± 0.069,0.254 ± 0.163,0.085 ± 0.122,0.245 ± 0.161,0.100714561606798,5,10356
noise_5,0.9,3.408375338190723,Causal+Lagged Controls,XGBoost,120,0.756 ± 0.100,0.245 ± 0.180,0.128 ± 0.148,0.242 ± 0.188,0.100714561606798,5,10356
noise_5,0.95,3.8481142849745926,DT-proxy base,Logistic,10,0.944 ± 0.046,0.536 ± 0.181,0.535 ± 0.122,0.312 ± 0.194,0.05009596928982726,5,10420
noise_5,0.95,3.8481142849745926,DT-proxy base,RF,10,0.941 ± 0.019,0.522 ± 0.165,0.516 ± 0.161,0.310 ± 0.200,0.05009596928982726,5,10420
noise_5,0.95,3.8481142849745926,DT-proxy base,XGBoost,10,0.945 ± 0.026,0.504 ± 0.193,0.468 ± 0.188,0.311 ± 0.199,0.05009596928982726,5,10420
noise_5,0.95,3.8481142849745926,Causal-parents,Logistic,10,0.917 ± 0.087,0.535 ± 0.275,0.326 ± 0.253,0.298 ± 0.234,0.05009596928982726,5,10420
noise_5,0.95,3.8481142849745926,Causal-parents,RF,10,0.918 ± 0.045,0.464 ± 0.230,0.357 ± 0.184,0.304 ± 0.220,0.05009596928982726,5,10420
noise_5,0.95,3.8481142849745926,Causal-parents,XGBoost,10,0.932 ± 0.035,0.457 ± 0.239,0.345 ± 0.203,0.297 ± 0.211,0.05009596928982726,5,10420
noise_5,0.95,3.8481142849745926,Causal+Lagged Controls,Logistic,10,0.892 ± 0.095,0.490 ± 0.280,0.245 ± 0.235,0.279 ± 0.221,0.05009596928982726,5,10420
noise_5,0.95,3.8481142849745926,Causal+Lagged Controls,RF,10,0.936 ± 0.030,0.492 ± 0.186,0.259 ± 0.225,0.312 ± 0.211,0.05009596928982726,5,10420
noise_5,0.95,3.8481142849745926,Causal+Lagged Controls,XGBoost,10,0.918 ± 0.068,0.470 ± 0.234,0.292 ± 0.215,0.297 ± 0.218,0.05009596928982726,5,10420
noise_5,0.95,3.8481142849745926,DT-proxy base,Logistic,30,0.862 ± 0.078,0.323 ± 0.205,0.348 ± 0.182,0.238 ± 0.143,0.050067268883336534,5,10406
noise_5,0.95,3.8481142849745926,DT-proxy base,RF,30,0.836 ± 0.074,0.295 ± 0.217,0.330 ± 0.163,0.240 ± 0.161,0.050067268883336534,5,10406
noise_5,0.95,3.8481142849745926,DT-proxy base,XGBoost,30,0.842 ± 0.079,0.283 ± 0.184,0.315 ± 0.159,0.235 ± 0.155,0.050067268883336534,5,10406
noise_5,0.95,3.8481142849745926,Causal-parents,Logistic,30,0.819 ± 0.139,0.336 ± 0.288,0.182 ± 0.241,0.241 ± 0.204,0.050067268883336534,5,10406
noise_5,0.95,3.8481142849745926,Causal-parents,RF,30,0.825 ± 0.071,0.287 ± 0.223,0.118 ± 0.162,0.249 ± 0.195,0.050067268883336534,5,10406
noise_5,0.95,3.8481142849745926,Causal-parents,XGBoost,30,0.850 ± 0.068,0.313 ± 0.244,0.171 ± 0.211,0.245 ± 0.193,0.050067268883336534,5,10406
noise_5,0.95,3.8481142849745926,Causal+Lagged Controls,Logistic,30,0.783 ± 0.167,0.331 ± 0.304,0.184 ± 0.200,0.227 ± 0.190,0.050067268883336534,5,10406
noise_5,0.95,3.8481142849745926,Causal+Lagged Controls,RF,30,0.834 ± 0.063,0.260 ± 0.225,0.129 ± 0.162,0.221 ± 0.181,0.050067268883336534,5,10406
noise_5,0.95,3.8481142849745926,Causal+Lagged Controls,XGBoost,30,0.808 ± 0.099,0.246 ± 0.217,0.157 ± 0.164,0.201 ± 0.159,0.050067268883336534,5,10406
noise_5,0.95,3.8481142849745926,DT-proxy base,Logistic,60,0.736 ± 0.114,0.160 ± 0.117,0.194 ± 0.136,0.160 ± 0.112,0.05016368187945311,5,10386
noise_5,0.95,3.8481142849745926,DT-proxy base,RF,60,0.685 ± 0.130,0.158 ± 0.125,0.168 ± 0.161,0.156 ± 0.122,0.05016368187945311,5,10386
noise_5,0.95,3.8481142849745926,DT-proxy base,XGBoost,60,0.708 ± 0.114,0.156 ± 0.120,0.176 ± 0.151,0.154 ± 0.119,0.05016368187945311,5,10386
noise_5,0.95,3.8481142849745926,Causal-parents,Logistic,60,0.722 ± 0.146,0.208 ± 0.202,0.103 ± 0.178,0.179 ± 0.173,0.05016368187945311,5,10386
noise_5,0.95,3.8481142849745926,Causal-parents,RF,60,0.716 ± 0.104,0.150 ± 0.135,0.071 ± 0.098,0.140 ± 0.118,0.05016368187945311,5,10386
noise_5,0.95,3.8481142849745926,Causal-parents,XGBoost,60,0.721 ± 0.116,0.157 ± 0.127,0.111 ± 0.142,0.147 ± 0.125,0.05016368187945311,5,10386
noise_5,0.95,3.8481142849745926,Causal+Lagged Controls,Logistic,60,0.712 ± 0.173,0.175 ± 0.167,0.113 ± 0.155,0.159 ± 0.138,0.05016368187945311,5,10386
noise_5,0.95,3.8481142849745926,Causal+Lagged Controls,RF,60,0.723 ± 0.124,0.142 ± 0.131,0.045 ± 0.088,0.122 ± 0.108,0.05016368187945311,5,10386
noise_5,0.95,3.8481142849745926,Causal+Lagged Controls,XGBoost,60,0.694 ± 0.154,0.122 ± 0.116,0.082 ± 0.132,0.105 ± 0.095,0.05016368187945311,5,10386
noise_5,0.95,3.8481142849745926,DT-proxy base,Logistic,120,0.653 ± 0.099,0.064 ± 0.035,0.113 ± 0.073,0.078 ± 0.055,0.05050212437234453,5,10356
noise_5,0.95,3.8481142849745926,DT-proxy base,RF,120,0.617 ± 0.137,0.088 ± 0.075,0.052 ± 0.083,0.101 ± 0.096,0.05050212437234453,5,10356
noise_5,0.95,3.8481142849745926,DT-proxy base,XGBoost,120,0.634 ± 0.104,0.095 ± 0.081,0.096 ± 0.097,0.110 ± 0.102,0.05050212437234453,5,10356
noise_5,0.95,3.8481142849745926,Causal-parents,Logistic,120,0.786 ± 0.073,0.195 ± 0.141,0.069 ± 0.110,0.176 ± 0.155,0.05050212437234453,5,10356
noise_5,0.95,3.8481142849745926,Causal-parents,RF,120,0.761 ± 0.051,0.124 ± 0.120,0.041 ± 0.063,0.106 ± 0.098,0.05050212437234453,5,10356
noise_5,0.95,3.8481142849745926,Causal-parents,XGBoost,120,0.781 ± 0.048,0.150 ± 0.133,0.066 ± 0.070,0.146 ± 0.137,0.05050212437234453,5,10356
noise_5,0.95,3.8481142849745926,Causal+Lagged Controls,Logistic,120,0.734 ± 0.112,0.132 ± 0.149,0.104 ± 0.152,0.113 ± 0.138,0.05050212437234453,5,10356
noise_5,0.95,3.8481142849745926,Causal+Lagged Controls,RF,120,0.772 ± 0.091,0.147 ± 0.154,0.052 ± 0.059,0.112 ± 0.133,0.05050212437234453,5,10356
noise_5,0.95,3.8481142849745926,Causal+Lagged Controls,XGBoost,120,0.749 ± 0.071,0.145 ± 0.150,0.062 ± 0.066,0.135 ± 0.143,0.05050212437234453,5,10356
noise_10,0.85,3.226096738448965,DT-proxy base,Logistic,10,0.866 ± 0.069,0.566 ± 0.180,0.537 ± 0.130,0.568 ± 0.208,0.15009596928982727,5,10420
noise_10,0.85,3.226096738448965,DT-proxy base,RF,10,0.847 ± 0.070,0.523 ± 0.193,0.503 ± 0.146,0.561 ± 0.214,0.15009596928982727,5,10420
noise_10,0.85,3.226096738448965,DT-proxy base,XGBoost,10,0.853 ± 0.075,0.525 ± 0.195,0.512 ± 0.131,0.555 ± 0.208,0.15009596928982727,5,10420
noise_10,0.85,3.226096738448965,Causal-parents,Logistic,10,0.872 ± 0.066,0.570 ± 0.200,0.520 ± 0.133,0.566 ± 0.228,0.15009596928982727,5,10420
noise_10,0.85,3.226096738448965,Causal-parents,RF,10,0.861 ± 0.069,0.564 ± 0.166,0.478 ± 0.111,0.563 ± 0.215,0.15009596928982727,5,10420
noise_10,0.85,3.226096738448965,Causal-parents,XGBoost,10,0.860 ± 0.079,0.553 ± 0.178,0.488 ± 0.105,0.561 ± 0.202,0.15009596928982727,5,10420
noise_10,0.85,3.226096738448965,Causal+Lagged Controls,Logistic,10,0.864 ± 0.085,0.568 ± 0.209,0.506 ± 0.163,0.572 ± 0.232,0.15009596928982727,5,10420
noise_10,0.85,3.226096738448965,Causal+Lagged Controls,RF,10,0.862 ± 0.073,0.544 ± 0.215,0.447 ± 0.130,0.567 ± 0.219,0.15009596928982727,5,10420
noise_10,0.85,3.226096738448965,Causal+Lagged Controls,XGBoost,10,0.862 ± 0.081,0.547 ± 0.203,0.466 ± 0.141,0.558 ± 0.225,0.15009596928982727,5,10420
noise_10,0.85,3.226096738448965,DT-proxy base,Logistic,30,0.796 ± 0.074,0.440 ± 0.168,0.439 ± 0.118,0.463 ± 0.180,0.15020180665000962,5,10406
noise_10,0.85,3.226096738448965,DT-proxy base,RF,30,0.781 ± 0.066,0.415 ± 0.171,0.407 ± 0.120,0.446 ± 0.161,0.15020180665000962,5,10406
noise_10,0.85,3.226096738448965,DT-proxy base,XGBoost,30,0.784 ± 0.071,0.414 ± 0.175,0.419 ± 0.104,0.442 ± 0.164,0.15020180665000962,5,10406
noise_10,0.85,3.226096738448965,Causal-parents,Logistic,30,0.814 ± 0.068,0.453 ± 0.209,0.407 ± 0.167,0.472 ± 0.217,0.15020180665000962,5,10406
noise_10,0.85,3.226096738448965,Causal-parents,RF,30,0.800 ± 0.069,0.464 ± 0.178,0.388 ± 0.098,0.488 ± 0.194,0.15020180665000962,5,10406
noise_10,0.85,3.226096738448965,Causal-parents,XGBoost,30,0.803 ± 0.081,0.473 ± 0.191,0.413 ± 0.091,0.487 ± 0.202,0.15020180665000962,5,10406
noise_10,0.85,3.226096738448965,Causal+Lagged Controls,Logistic,30,0.805 ± 0.091,0.449 ± 0.221,0.418 ± 0.142,0.465 ± 0.220,0.15020180665000962,5,10406
noise_10,0.85,3.226096738448965,Causal+Lagged Controls,RF,30,0.788 ± 0.082,0.447 ± 0.199,0.332 ± 0.165,0.476 ± 0.221,0.15020180665000962,5,10406
noise_10,0.85,3.226096738448965,Causal+Lagged Controls,XGBoost,30,0.797 ± 0.089,0.437 ± 0.220,0.364 ± 0.158,0.462 ± 0.223,0.15020180665000962,5,10406
noise_10,0.85,3.226096738448965,DT-proxy base,Logistic,60,0.729 ± 0.057,0.340 ± 0.125,0.353 ± 0.110,0.371 ± 0.167,0.1503947621798575,5,10386
noise_10,0.85,3.226096738448965,DT-proxy base,RF,60,0.705 ± 0.052,0.317 ± 0.120,0.344 ± 0.115,0.359 ± 0.144,0.1503947621798575,5,10386
noise_10,0.85,3.226096738448965,DT-proxy base,XGBoost,60,0.716 ± 0.055,0.324 ± 0.116,0.341 ± 0.114,0.333 ± 0.142,0.1503947621798575,5,10386
noise_10,0.85,3.226096738448965,Causal-parents,Logistic,60,0.770 ± 0.057,0.369 ± 0.186,0.335 ± 0.155,0.394 ± 0.200,0.1503947621798575,5,10386
noise_10,0.85,3.226096738448965,Causal-parents,RF,60,0.750 ± 0.038,0.357 ± 0.139,0.286 ± 0.107,0.396 ± 0.162,0.1503947621798575,5,10386
noise_10,0.85,3.226096738448965,Causal-parents,XGBoost,60,0.753 ± 0.050,0.365 ± 0.164,0.324 ± 0.131,0.386 ± 0.179,0.1503947621798575,5,10386
noise_10,0.85,3.226096738448965,Causal+Lagged Controls,Logistic,60,0.748 ± 0.092,0.359 ± 0.191,0.356 ± 0.127,0.373 ± 0.185,0.1503947621798575,5,10386
noise_10,0.85,3.226096738448965,Causal+Lagged Controls,RF,60,0.743 ± 0.069,0.362 ± 0.186,0.260 ± 0.123,0.409 ± 0.204,0.1503947621798575,5,10386
noise_10,0.85,3.226096738448965,Causal+Lagged Controls,XGBoost,60,0.725 ± 0.109,0.346 ± 0.175,0.300 ± 0.133,0.392 ± 0.185,0.1503947621798575,5,10386
noise_10,0.85,3.226096738448965,DT-proxy base,Logistic,120,0.673 ± 0.051,0.234 ± 0.073,0.307 ± 0.080,0.283 ± 0.114,0.15054074932406333,5,10356
noise_10,0.85,3.226096738448965,DT-proxy base,RF,120,0.635 ± 0.050,0.228 ± 0.099,0.251 ± 0.100,0.271 ± 0.149,0.15054074932406333,5,10356
noise_10,0.85,3.226096738448965,DT-proxy base,XGBoost,120,0.647 ± 0.043,0.229 ± 0.095,0.251 ± 0.090,0.273 ± 0.129,0.15054074932406333,5,10356
noise_10,0.85,3.226096738448965,Causal-parents,Logistic,120,0.771 ± 0.069,0.321 ± 0.145,0.245 ± 0.147,0.364 ± 0.198,0.15054074932406333,5,10356
noise_10,0.85,3.226096738448965,Causal-parents,RF,120,0.715 ± 0.060,0.275 ± 0.138,0.214 ± 0.123,0.315 ± 0.155,0.15054074932406333,5,10356
noise_10,0.85,3.226096738448965,Causal-parents,XGBoost,120,0.732 ± 0.054,0.280 ± 0.142,0.235 ± 0.129,0.318 ± 0.163,0.15054074932406333,5,10356
noise_10,0.85,3.226096738448965,Causal+Lagged Controls,Logistic,120,0.737 ± 0.112,0.318 ± 0.166,0.290 ± 0.109,0.356 ± 0.193,0.15054074932406333,5,10356
noise_10,0.85,3.226096738448965,Causal+Lagged Controls,RF,120,0.727 ± 0.073,0.292 ± 0.139,0.180 ± 0.119,0.321 ± 0.161,0.15054074932406333,5,10356
noise_10,0.85,3.226096738448965,Causal+Lagged Controls,XGBoost,120,0.719 ± 0.096,0.285 ± 0.155,0.193 ± 0.153,0.322 ± 0.175,0.15054074932406333,5,10356
noise_10,0.9,3.4677307327360563,DT-proxy base,Logistic,10,0.886 ± 0.060,0.516 ± 0.189,0.496 ± 0.109,0.446 ± 0.200,0.09990403071017274,5,10420
noise_10,0.9,3.4677307327360563,DT-proxy base,RF,10,0.869 ± 0.066,0.472 ± 0.205,0.482 ± 0.129,0.436 ± 0.200,0.09990403071017274,5,10420
noise_10,0.9,3.4677307327360563,DT-proxy base,XGBoost,10,0.874 ± 0.071,0.475 ± 0.205,0.475 ± 0.148,0.428 ± 0.202,0.09990403071017274,5,10420
noise_10,0.9,3.4677307327360563,Causal-parents,Logistic,10,0.889 ± 0.057,0.523 ± 0.209,0.463 ± 0.195,0.447 ± 0.230,0.09990403071017274,5,10420
noise_10,0.9,3.4677307327360563,Causal-parents,RF,10,0.879 ± 0.058,0.495 ± 0.163,0.457 ± 0.085,0.448 ± 0.204,0.09990403071017274,5,10420
noise_10,0.9,3.4677307327360563,Causal-parents,XGBoost,10,0.883 ± 0.066,0.492 ± 0.172,0.419 ± 0.085,0.436 ± 0.201,0.09990403071017274,5,10420
noise_10,0.9,3.4677307327360563,Causal+Lagged Controls,Logistic,10,0.879 ± 0.082,0.502 ± 0.232,0.469 ± 0.179,0.445 ± 0.212,0.09990403071017274,5,10420
noise_10,0.9,3.4677307327360563,Causal+Lagged Controls,RF,10,0.868 ± 0.062,0.462 ± 0.212,0.361 ± 0.128,0.450 ± 0.209,0.09990403071017274,5,10420
noise_10,0.9,3.4677307327360563,Causal+Lagged Controls,XGBoost,10,0.870 ± 0.078,0.449 ± 0.226,0.379 ± 0.177,0.428 ± 0.208,0.09990403071017274,5,10420
noise_10,0.9,3.4677307327360563,DT-proxy base,Logistic,30,0.806 ± 0.071,0.369 ± 0.177,0.368 ± 0.098,0.344 ± 0.164,0.09994234095714011,5,10406
noise_10,0.9,3.4677307327360563,DT-proxy base,RF,30,0.783 ± 0.061,0.331 ± 0.187,0.330 ± 0.114,0.318 ± 0.142,0.09994234095714011,5,10406
noise_10,0.9,3.4677307327360563,DT-proxy base,XGBoost,30,0.788 ± 0.065,0.336 ± 0.187,0.317 ± 0.135,0.308 ± 0.138,0.09994234095714011,5,10406
noise_10,0.9,3.4677307327360563,Causal-parents,Logistic,30,0.816 ± 0.065,0.382 ± 0.218,0.348 ± 0.198,0.355 ± 0.199,0.09994234095714011,5,10406
noise_10,0.9,3.4677307327360563,Causal-parents,RF,30,0.816 ± 0.063,0.385 ± 0.184,0.273 ± 0.116,0.387 ± 0.197,0.09994234095714011,5,10406
noise_10,0.9,3.4677307327360563,Causal-parents,XGBoost,30,0.810 ± 0.075,0.390 ± 0.197,0.295 ± 0.120,0.365 ± 0.191,0.09994234095714011,5,10406
noise_10,0.9,3.4677307327360563,Causal+Lagged Controls,Logistic,30,0.800 ± 0.094,0.371 ± 0.237,0.354 ± 0.177,0.346 ± 0.195,0.09994234095714011,5,10406
noise_10,0.9,3.4677307327360563,Causal+Lagged Controls,RF,30,0.803 ± 0.071,0.372 ± 0.220,0.224 ± 0.168,0.378 ± 0.205,0.09994234095714011,5,10406
noise_10,0.9,3.4677307327360563,Causal+Lagged Controls,XGBoost,30,0.804 ± 0.090,0.371 ± 0.228,0.285 ± 0.161,0.368 ± 0.189,0.09994234095714011,5,10406
noise_10,0.9,3.4677307327360563,DT-proxy base,Logistic,60,0.730 ± 0.057,0.259 ± 0.139,0.278 ± 0.121,0.273 ± 0.151,0.10003851338340074,5,10386
noise_10,0.9,3.4677307327360563,DT-proxy base,RF,60,0.700 ± 0.052,0.235 ± 0.124,0.268 ± 0.121,0.260 ± 0.119,0.10003851338340074,5,10386
noise_10,0.9,3.4677307327360563,DT-proxy base,XGBoost,60,0.702 ± 0.064,0.238 ± 0.127,0.265 ± 0.130,0.251 ± 0.141,0.10003851338340074,5,10386
noise_10,0.9,3.4677307327360563,Causal-parents,Logistic,60,0.767 ± 0.058,0.294 ± 0.191,0.237 ± 0.179,0.290 ± 0.202,0.10003851338340074,5,10386
noise_10,0.9,3.4677307327360563,Causal-parents,RF,60,0.757 ± 0.042,0.259 ± 0.154,0.141 ± 0.137,0.283 ± 0.167,0.10003851338340074,5,10386
noise_10,0.9,3.4677307327360563,Causal-parents,XGBoost,60,0.753 ± 0.063,0.279 ± 0.177,0.232 ± 0.141,0.285 ± 0.168,0.10003851338340074,5,10386
noise_10,0.9,3.4677307327360563,Causal+Lagged Controls,Logistic,60,0.739 ± 0.105,0.289 ± 0.199,0.260 ± 0.188,0.274 ± 0.185,0.10003851338340074,5,10386
noise_10,0.9,3.4677307327360563,Causal+Lagged Controls,RF,60,0.747 ± 0.091,0.286 ± 0.180,0.111 ± 0.104,0.303 ± 0.177,0.10003851338340074,5,10386
noise_10,0.9,3.4677307327360563,Causal+Lagged Controls,XGBoost,60,0.740 ± 0.108,0.270 ± 0.179,0.177 ± 0.154,0.282 ± 0.177,0.10003851338340074,5,10386
noise_10,0.9,3.4677307327360563,DT-proxy base,Logistic,120,0.678 ± 0.065,0.159 ± 0.058,0.223 ± 0.081,0.191 ± 0.088,0.10023174971031286,5,10356
noise_10,0.9,3.4677307327360563,DT-proxy base,RF,120,0.624 ± 0.062,0.145 ± 0.075,0.158 ± 0.052,0.179 ± 0.101,0.10023174971031286,5,10356
noise_10,0.9,3.4677307327360563,DT-proxy base,XGBoost,120,0.639 ± 0.037,0.149 ± 0.079,0.175 ± 0.088,0.178 ± 0.113,0.10023174971031286,5,10356
noise_10,0.9,3.4677307327360563,Causal-parents,Logistic,120,0.788 ± 0.059,0.251 ± 0.133,0.179 ± 0.142,0.271 ± 0.184,0.10023174971031286,5,10356
noise_10,0.9,3.4677307327360563,Causal-parents,RF,120,0.729 ± 0.053,0.196 ± 0.126,0.103 ± 0.069,0.205 ± 0.138,0.10023174971031286,5,10356
noise_10,0.9,3.4677307327360563,Causal-parents,XGBoost,120,0.748 ± 0.052,0.209 ± 0.127,0.151 ± 0.115,0.223 ± 0.145,0.10023174971031286,5,10356
noise_10,0.9,3.4677307327360563,Causal+Lagged Controls,Logistic,120,0.744 ± 0.100,0.244 ± 0.150,0.190 ± 0.154,0.241 ± 0.170,0.10023174971031286,5,10356
noise_10,0.9,3.4677307327360563,Causal+Lagged Controls,RF,120,0.752 ± 0.074,0.226 ± 0.149,0.087 ± 0.100,0.240 ± 0.160,0.10023174971031286,5,10356
noise_10,0.9,3.4677307327360563,Causal+Lagged Controls,XGBoost,120,0.749 ± 0.081,0.234 ± 0.157,0.150 ± 0.171,0.256 ± 0.165,0.10023174971031286,5,10356
noise_10,0.95,3.896504981201129,DT-proxy base,Logistic,10,0.927 ± 0.045,0.456 ± 0.232,0.419 ± 0.181,0.287 ± 0.169,0.05019193857965451,5,10420
noise_10,0.95,3.896504981201129,DT-proxy base,RF,10,0.905 ± 0.058,0.412 ± 0.273,0.386 ± 0.251,0.270 ± 0.168,0.05019193857965451,5,10420
noise_10,0.95,3.896504981201129,DT-proxy base,XGBoost,10,0.913 ± 0.063,0.402 ± 0.274,0.347 ± 0.260,0.275 ± 0.167,0.05019193857965451,5,10420
noise_10,0.95,3.896504981201129,Causal-parents,Logistic,10,0.912 ± 0.073,0.472 ± 0.258,0.322 ± 0.250,0.289 ± 0.199,0.05019193857965451,5,10420
noise_10,0.95,3.896504981201129,Causal-parents,RF,10,0.922 ± 0.031,0.416 ± 0.201,0.210 ± 0.198,0.299 ± 0.183,0.05019193857965451,5,10420
noise_10,0.95,3.896504981201129,Causal-parents,XGBoost,10,0.923 ± 0.039,0.402 ± 0.247,0.249 ± 0.233,0.296 ± 0.180,0.05019193857965451,5,10420
noise_10,0.95,3.896504981201129,Causal+Lagged Controls,Logistic,10,0.891 ± 0.070,0.447 ± 0.269,0.298 ± 0.242,0.271 ± 0.191,0.05019193857965451,5,10420
noise_10,0.95,3.896504981201129,Causal+Lagged Controls,RF,10,0.902 ± 0.049,0.397 ± 0.235,0.182 ± 0.204,0.298 ± 0.185,0.05019193857965451,5,10420
noise_10,0.95,3.896504981201129,Causal+Lagged Controls,XGBoost,10,0.924 ± 0.036,0.382 ± 0.243,0.207 ± 0.214,0.290 ± 0.175,0.05019193857965451,5,10420
noise_10,0.95,3.896504981201129,DT-proxy base,Logistic,30,0.848 ± 0.071,0.281 ± 0.204,0.299 ± 0.153,0.212 ± 0.133,0.050163367288103014,5,10406
noise_10,0.95,3.896504981201129,DT-proxy base,RF,30,0.800 ± 0.059,0.279 ± 0.193,0.286 ± 0.172,0.200 ± 0.135,0.050163367288103014,5,10406
noise_10,0.95,3.896504981201129,DT-proxy base,XGBoost,30,0.796 ± 0.063,0.263 ± 0.198,0.285 ± 0.165,0.201 ± 0.135,0.050163367288103014,5,10406
noise_10,0.95,3.896504981201129,Causal-parents,Logistic,30,0.819 ± 0.097,0.297 ± 0.250,0.176 ± 0.217,0.223 ± 0.171,0.050163367288103014,5,10406
noise_10,0.95,3.896504981201129,Causal-parents,RF,30,0.826 ± 0.058,0.272 ± 0.156,0.113 ± 0.134,0.218 ± 0.148,0.050163367288103014,5,10406
noise_10,0.95,3.896504981201129,Causal-parents,XGBoost,30,0.839 ± 0.067,0.280 ± 0.175,0.138 ± 0.169,0.227 ± 0.158,0.050163367288103014,5,10406
noise_10,0.95,3.896504981201129,Causal+Lagged Controls,Logistic,30,0.793 ± 0.133,0.295 ± 0.257,0.214 ± 0.192,0.218 ± 0.157,0.050163367288103014,5,10406
noise_10,0.95,3.896504981201129,Causal+Lagged Controls,RF,30,0.814 ± 0.092,0.280 ± 0.213,0.076 ± 0.129,0.233 ± 0.158,0.050163367288103014,5,10406
noise_10,0.95,3.896504981201129,Causal+Lagged Controls,XGBoost,30,0.819 ± 0.102,0.259 ± 0.200,0.143 ± 0.155,0.222 ± 0.151,0.050163367288103014,5,10406
noise_10,0.95,3.896504981201129,DT-proxy base,Logistic,60,0.731 ± 0.083,0.158 ± 0.122,0.199 ± 0.133,0.160 ± 0.106,0.05016368187945311,5,10386
noise_10,0.95,3.896504981201129,DT-proxy base,RF,60,0.715 ± 0.075,0.158 ± 0.102,0.193 ± 0.124,0.147 ± 0.095,0.05016368187945311,5,10386
noise_10,0.95,3.896504981201129,DT-proxy base,XGBoost,60,0.695 ± 0.106,0.163 ± 0.116,0.176 ± 0.130,0.132 ± 0.090,0.05016368187945311,5,10386
noise_10,0.95,3.896504981201129,Causal-parents,Logistic,60,0.736 ± 0.131,0.187 ± 0.151,0.111 ± 0.158,0.164 ± 0.145,0.05016368187945311,5,10386
noise_10,0.95,3.896504981201129,Causal-parents,RF,60,0.763 ± 0.080,0.164 ± 0.127,0.087 ± 0.126,0.162 ± 0.115,0.05016368187945311,5,10386
noise_10,0.95,3.896504981201129,Causal-parents,XGBoost,60,0.765 ± 0.080,0.188 ± 0.150,0.092 ± 0.126,0.165 ± 0.135,0.05016368187945311,5,10386
noise_10,0.95,3.896504981201129,Causal+Lagged Controls,Logistic,60,0.730 ± 0.167,0.204 ± 0.174,0.102 ± 0.125,0.165 ± 0.134,0.05016368187945311,5,10386
noise_10,0.95,3.896504981201129,Causal+Lagged Controls,RF,60,0.737 ± 0.120,0.158 ± 0.132,0.036 ± 0.080,0.155 ± 0.118,0.05016368187945311,5,10386
noise_10,0.95,3.896504981201129,Causal+Lagged Controls,XGBoost,60,0.713 ± 0.138,0.137 ± 0.131,0.072 ± 0.106,0.129 ± 0.108,0.05016368187945311,5,10386
noise_10,0.95,3.896504981201129,DT-proxy base,Logistic,120,0.645 ± 0.093,0.071 ± 0.022,0.126 ± 0.050,0.081 ± 0.044,0.05040556199304751,5,10356
noise_10,0.95,3.896504981201129,DT-proxy base,RF,120,0.599 ± 0.069,0.078 ± 0.036,0.065 ± 0.016,0.076 ± 0.054,0.05040556199304751,5,10356
noise_10,0.95,3.896504981201129,DT-proxy base,XGBoost,120,0.612 ± 0.076,0.077 ± 0.041,0.072 ± 0.038,0.074 ± 0.054,0.05040556199304751,5,10356
noise_10,0.95,3.896504981201129,Causal-parents,Logistic,120,0.775 ± 0.087,0.158 ± 0.109,0.074 ± 0.113,0.164 ± 0.133,0.05040556199304751,5,10356
noise_10,0.95,3.896504981201129,Causal-parents,RF,120,0.740 ± 0.052,0.110 ± 0.098,0.016 ± 0.029,0.112 ± 0.106,0.05040556199304751,5,10356
noise_10,0.95,3.896504981201129,Causal-parents,XGBoost,120,0.760 ± 0.062,0.130 ± 0.105,0.070 ± 0.085,0.132 ± 0.121,0.05040556199304751,5,10356
noise_10,0.95,3.896504981201129,Causal+Lagged Controls,Logistic,120,0.724 ± 0.121,0.129 ± 0.122,0.109 ± 0.150,0.131 ± 0.121,0.05040556199304751,5,10356
noise_10,0.95,3.896504981201129,Causal+Lagged Controls,RF,120,0.772 ± 0.071,0.139 ± 0.146,0.031 ± 0.069,0.113 ± 0.117,0.05040556199304751,5,10356
noise_10,0.95,3.896504981201129,Causal+Lagged Controls,XGBoost,120,0.758 ± 0.071,0.145 ± 0.147,0.069 ± 0.088,0.131 ± 0.124,0.05040556199304751,5,10356
missing_5,0.85,3.289999999999999,DT-proxy base,Logistic,10,0.936 ± 0.041,0.744 ± 0.089,0.671 ± 0.059,0.680 ± 0.258,0.1505460899956313,5,11445
missing_5,0.85,3.289999999999999,DT-proxy base,RF,10,0.943 ± 0.030,0.768 ± 0.079,0.680 ± 0.065,0.690 ± 0.263,0.1505460899956313,5,11445
missing_5,0.85,3.289999999999999,DT-proxy base,XGBoost,10,0.945 ± 0.030,0.771 ± 0.071,0.691 ± 0.061,0.692 ± 0.264,0.1505460899956313,5,11445
missing_5,0.85,3.289999999999999,Causal-parents,Logistic,10,0.946 ± 0.039,0.776 ± 0.074,0.689 ± 0.045,0.700 ± 0.261,0.1505855619646915,5,11442
missing_5,0.85,3.289999999999999,Causal-parents,RF,10,0.942 ± 0.033,0.747 ± 0.083,0.652 ± 0.061,0.650 ± 0.223,0.1505855619646915,5,11442
missing_5,0.85,3.289999999999999,Causal-parents,XGBoost,10,0.946 ± 0.037,0.779 ± 0.096,0.687 ± 0.079,0.692 ± 0.254,0.1505855619646915,5,11442
missing_5,0.85,3.289999999999999,Causal+Lagged Controls,Logistic,10,0.933 ± 0.062,0.759 ± 0.109,0.675 ± 0.077,0.690 ± 0.262,0.1505855619646915,5,11442
missing_5,0.85,3.289999999999999,Causal+Lagged Controls,RF,10,0.932 ± 0.040,0.711 ± 0.114,0.565 ± 0.147,0.647 ± 0.223,0.1505855619646915,5,11442
missing_5,0.85,3.289999999999999,Causal+Lagged Controls,XGBoost,10,0.939 ± 0.046,0.739 ± 0.144,0.663 ± 0.102,0.671 ± 0.237,0.1505855619646915,5,11442
missing_5,0.85,3.289999999999999,DT-proxy base,Logistic,30,0.866 ± 0.048,0.566 ± 0.132,0.527 ± 0.081,0.566 ± 0.254,0.15048501267150222,5,11443
missing_5,0.85,3.289999999999999,DT-proxy base,RF,30,0.870 ± 0.030,0.567 ± 0.118,0.534 ± 0.065,0.556 ± 0.248,0.15048501267150222,5,11443
missing_5,0.85,3.289999999999999,DT-proxy base,XGBoost,30,0.873 ± 0.035,0.571 ± 0.119,0.524 ± 0.088,0.563 ± 0.255,0.15048501267150222,5,11443
missing_5,0.85,3.289999999999999,Causal-parents,Logistic,30,0.890 ± 0.045,0.604 ± 0.112,0.523 ± 0.078,0.583 ± 0.249,0.15052447552447554,5,11440
missing_5,0.85,3.289999999999999,Causal-parents,RF,30,0.872 ± 0.052,0.548 ± 0.102,0.451 ± 0.132,0.516 ± 0.175,0.15052447552447554,5,11440
missing_5,0.85,3.289999999999999,Causal-parents,XGBoost,30,0.891 ± 0.056,0.624 ± 0.114,0.548 ± 0.061,0.600 ± 0.230,0.15052447552447554,5,11440
missing_5,0.85,3.289999999999999,Causal+Lagged Controls,Logistic,30,0.879 ± 0.063,0.585 ± 0.150,0.496 ± 0.124,0.576 ± 0.239,0.15052447552447554,5,11440
missing_5,0.85,3.289999999999999,Causal+Lagged Controls,RF,30,0.861 ± 0.047,0.536 ± 0.127,0.380 ± 0.139,0.540 ± 0.180,0.15052447552447554,5,11440
missing_5,0.85,3.289999999999999,Causal+Lagged Controls,XGBoost,30,0.875 ± 0.057,0.569 ± 0.202,0.499 ± 0.115,0.578 ± 0.247,0.15052447552447554,5,11440
missing_5,0.85,3.289999999999999,DT-proxy base,Logistic,60,0.786 ± 0.033,0.413 ± 0.179,0.416 ± 0.112,0.470 ± 0.252,0.15052447552447554,5,11440
missing_5,0.85,3.289999999999999,DT-proxy base,RF,60,0.783 ± 0.026,0.408 ± 0.156,0.406 ± 0.106,0.448 ± 0.239,0.15052447552447554,5,11440
missing_5,0.85,3.289999999999999,DT-proxy base,XGBoost,60,0.790 ± 0.024,0.406 ± 0.168,0.416 ± 0.109,0.463 ± 0.250,0.15052447552447554,5,11440
missing_5,0.85,3.289999999999999,Causal-parents,Logistic,60,0.834 ± 0.024,0.460 ± 0.151,0.434 ± 0.102,0.481 ± 0.231,0.15056395908017836,5,11437
missing_5,0.85,3.289999999999999,Causal-parents,RF,60,0.786 ± 0.054,0.355 ± 0.111,0.305 ± 0.092,0.391 ± 0.150,0.15056395908017836,5,11437
missing_5,0.85,3.289999999999999,Causal-parents,XGBoost,60,0.807 ± 0.052,0.413 ± 0.127,0.373 ± 0.099,0.444 ± 0.193,0.15056395908017836,5,11437
missing_5,0.85,3.289999999999999,Causal+Lagged Controls,Logistic,60,0.820 ± 0.050,0.439 ± 0.161,0.417 ± 0.111,0.467 ± 0.209,0.15056395908017836,5,11437
missing_5,0.85,3.289999999999999,Causal+Lagged Controls,RF,60,0.775 ± 0.042,0.375 ± 0.149,0.251 ± 0.175,0.388 ± 0.128,0.15056395908017836,5,11437
missing_5,0.85,3.289999999999999,Causal+Lagged Controls,XGBoost,60,0.789 ± 0.058,0.414 ± 0.186,0.326 ± 0.161,0.427 ± 0.187,0.15056395908017836,5,11437
missing_5,0.85,3.289999999999999,DT-proxy base,Logistic,120,0.707 ± 0.052,0.285 ± 0.183,0.337 ± 0.123,0.387 ± 0.247,0.15060346335490643,5,11434
missing_5,0.85,3.289999999999999,DT-proxy base,RF,120,0.711 ± 0.027,0.248 ± 0.141,0.254 ± 0.109,0.287 ± 0.144,0.15060346335490643,5,11434
missing_5,0.85,3.289999999999999,DT-proxy base,XGBoost,120,0.718 ± 0.027,0.262 ± 0.157,0.285 ± 0.110,0.322 ± 0.164,0.15060346335490643,5,11434
missing_5,0.85,3.289999999999999,Causal-parents,Logistic,120,0.804 ± 0.060,0.373 ± 0.125,0.348 ± 0.100,0.428 ± 0.198,0.15064298836497245,5,11431
missing_5,0.85,3.289999999999999,Causal-parents,RF,120,0.743 ± 0.069,0.270 ± 0.147,0.203 ± 0.106,0.276 ± 0.140,0.15064298836497245,5,11431
missing_5,0.85,3.289999999999999,Causal-parents,XGBoost,120,0.779 ± 0.063,0.289 ± 0.121,0.240 ± 0.100,0.295 ± 0.139,0.15064298836497245,5,11431
missing_5,0.85,3.289999999999999,Causal+Lagged Controls,Logistic,120,0.791 ± 0.101,0.357 ± 0.157,0.362 ± 0.103,0.412 ± 0.173,0.15064298836497245,5,11431
missing_5,0.85,3.289999999999999,Causal+Lagged Controls,RF,120,0.775 ± 0.063,0.312 ± 0.160,0.155 ± 0.141,0.312 ± 0.137,0.15064298836497245,5,11431
missing_5,0.85,3.289999999999999,Causal+Lagged Controls,XGBoost,120,0.752 ± 0.082,0.307 ± 0.169,0.214 ± 0.145,0.350 ± 0.162,0.15064298836497245,5,11431
missing_5,0.9,3.604023952095812,DT-proxy base,Logistic,10,0.952 ± 0.039,0.700 ± 0.139,0.652 ± 0.080,0.534 ± 0.278,0.0999563128003495,5,11445
missing_5,0.9,3.604023952095812,DT-proxy base,RF,10,0.956 ± 0.021,0.709 ± 0.126,0.636 ± 0.103,0.541 ± 0.279,0.0999563128003495,5,11445
missing_5,0.9,3.604023952095812,DT-proxy base,XGBoost,10,0.960 ± 0.026,0.724 ± 0.111,0.641 ± 0.117,0.540 ± 0.278,0.0999563128003495,5,11445
missing_5,0.9,3.604023952095812,Causal-parents,Logistic,10,0.960 ± 0.029,0.717 ± 0.137,0.596 ± 0.231,0.537 ± 0.274,0.09998252053836741,5,11442
missing_5,0.9,3.604023952095812,Causal-parents,RF,10,0.955 ± 0.023,0.692 ± 0.090,0.494 ± 0.164,0.514 ± 0.238,0.09998252053836741,5,11442
missing_5,0.9,3.604023952095812,Causal-parents,XGBoost,10,0.962 ± 0.023,0.730 ± 0.106,0.591 ± 0.140,0.527 ± 0.263,0.09998252053836741,5,11442
missing_5,0.9,3.604023952095812,Causal+Lagged Controls,Logistic,10,0.950 ± 0.040,0.716 ± 0.118,0.593 ± 0.120,0.521 ± 0.265,0.09998252053836741,5,11442
missing_5,0.9,3.604023952095812,Causal+Lagged Controls,RF,10,0.950 ± 0.023,0.674 ± 0.070,0.474 ± 0.176,0.519 ± 0.239,0.09998252053836741,5,11442
missing_5,0.9,3.604023952095812,Causal+Lagged Controls,XGBoost,10,0.962 ± 0.025,0.741 ± 0.098,0.646 ± 0.083,0.530 ± 0.268,0.09998252053836741,5,11442
missing_5,0.9,3.604023952095812,DT-proxy base,Logistic,30,0.890 ± 0.064,0.509 ± 0.177,0.496 ± 0.123,0.442 ± 0.256,0.09997378309883771,5,11443
missing_5,0.9,3.604023952095812,DT-proxy base,RF,30,0.901 ± 0.043,0.486 ± 0.181,0.474 ± 0.126,0.448 ± 0.257,0.09997378309883771,5,11443
missing_5,0.9,3.604023952095812,DT-proxy base,XGBoost,30,0.905 ± 0.044,0.487 ± 0.167,0.487 ± 0.132,0.417 ± 0.207,0.09997378309883771,5,11443
missing_5,0.9,3.604023952095812,Causal-parents,Logistic,30,0.913 ± 0.046,0.535 ± 0.172,0.463 ± 0.240,0.450 ± 0.243,0.1,5,11440
missing_5,0.9,3.604023952095812,Causal-parents,RF,30,0.898 ± 0.045,0.455 ± 0.144,0.333 ± 0.131,0.402 ± 0.157,0.1,5,11440
missing_5,0.9,3.604023952095812,Causal-parents,XGBoost,30,0.916 ± 0.044,0.538 ± 0.176,0.455 ± 0.169,0.450 ± 0.238,0.1,5,11440
missing_5,0.9,3.604023952095812,Causal+Lagged Controls,Logistic,30,0.897 ± 0.033,0.492 ± 0.186,0.441 ± 0.221,0.428 ± 0.220,0.1,5,11440
missing_5,0.9,3.604023952095812,Causal+Lagged Controls,RF,30,0.896 ± 0.039,0.468 ± 0.100,0.263 ± 0.186,0.415 ± 0.175,0.1,5,11440
missing_5,0.9,3.604023952095812,Causal+Lagged Controls,XGBoost,30,0.902 ± 0.048,0.504 ± 0.184,0.414 ± 0.178,0.438 ± 0.225,0.1,5,11440
missing_5,0.9,3.604023952095812,DT-proxy base,Logistic,60,0.776 ± 0.059,0.335 ± 0.191,0.324 ± 0.150,0.340 ± 0.242,0.1,5,11440
missing_5,0.9,3.604023952095812,DT-proxy base,RF,60,0.784 ± 0.031,0.304 ± 0.145,0.322 ± 0.105,0.302 ± 0.180,0.1,5,11440
missing_5,0.9,3.604023952095812,DT-proxy base,XGBoost,60,0.783 ± 0.034,0.301 ± 0.146,0.309 ± 0.125,0.303 ± 0.176,0.1,5,11440
missing_5,0.9,3.604023952095812,Causal-parents,Logistic,60,0.824 ± 0.034,0.366 ± 0.168,0.328 ± 0.226,0.355 ± 0.221,0.10002623065489202,5,11437
missing_5,0.9,3.604023952095812,Causal-parents,RF,60,0.763 ± 0.048,0.239 ± 0.122,0.168 ± 0.115,0.227 ± 0.107,0.10002623065489202,5,11437
missing_5,0.9,3.604023952095812,Causal-parents,XGBoost,60,0.783 ± 0.046,0.275 ± 0.148,0.250 ± 0.119,0.260 ± 0.142,0.10002623065489202,5,11437
missing_5,0.9,3.604023952095812,Causal+Lagged Controls,Logistic,60,0.811 ± 0.045,0.333 ± 0.157,0.323 ± 0.195,0.328 ± 0.192,0.10002623065489202,5,11437
missing_5,0.9,3.604023952095812,Causal+Lagged Controls,RF,60,0.770 ± 0.052,0.270 ± 0.151,0.153 ± 0.128,0.242 ± 0.112,0.10002623065489202,5,11437
missing_5,0.9,3.604023952095812,Causal+Lagged Controls,XGBoost,60,0.764 ± 0.066,0.266 ± 0.138,0.200 ± 0.152,0.265 ± 0.141,0.10002623065489202,5,11437
missing_5,0.9,3.604023952095812,DT-proxy base,Logistic,120,0.693 ± 0.074,0.210 ± 0.186,0.253 ± 0.137,0.271 ± 0.219,0.10005247507433969,5,11434
missing_5,0.9,3.604023952095812,DT-proxy base,RF,120,0.707 ± 0.014,0.156 ± 0.091,0.171 ± 0.081,0.180 ± 0.086,0.10005247507433969,5,11434
missing_5,0.9,3.604023952095812,DT-proxy base,XGBoost,120,0.724 ± 0.050,0.173 ± 0.122,0.183 ± 0.129,0.212 ± 0.133,0.10005247507433969,5,11434
missing_5,0.9,3.604023952095812,Causal-parents,Logistic,120,0.776 ± 0.086,0.263 ± 0.121,0.222 ± 0.189,0.292 ± 0.187,0.1000787332691803,5,11431
missing_5,0.9,3.604023952095812,Causal-parents,RF,120,0.737 ± 0.077,0.178 ± 0.117,0.141 ± 0.095,0.170 ± 0.105,0.1000787332691803,5,11431
missing_5,0.9,3.604023952095812,Causal-parents,XGBoost,120,0.771 ± 0.090,0.184 ± 0.100,0.138 ± 0.068,0.191 ± 0.117,0.1000787332691803,5,11431
missing_5,0.9,3.604023952095812,Causal+Lagged Controls,Logistic,120,0.774 ± 0.113,0.231 ± 0.123,0.241 ± 0.090,0.247 ± 0.116,0.1000787332691803,5,11431
missing_5,0.9,3.604023952095812,Causal+Lagged Controls,RF,120,0.749 ± 0.088,0.208 ± 0.153,0.100 ± 0.105,0.174 ± 0.110,0.1000787332691803,5,11431
missing_5,0.9,3.604023952095812,Causal+Lagged Controls,XGBoost,120,0.728 ± 0.084,0.207 ± 0.156,0.134 ± 0.133,0.213 ± 0.149,0.1000787332691803,5,11431
missing_5,0.95,4.259999999999999,DT-proxy base,Logistic,10,0.948 ± 0.049,0.691 ± 0.195,0.518 ± 0.325,0.310 ± 0.312,0.05006553079947575,5,11445
missing_5,0.95,4.259999999999999,DT-proxy base,RF,10,0.960 ± 0.031,0.698 ± 0.185,0.532 ± 0.325,0.317 ± 0.313,0.05006553079947575,5,11445
missing_5,0.95,4.259999999999999,DT-proxy base,XGBoost,10,0.955 ± 0.041,0.698 ± 0.194,0.530 ± 0.337,0.315 ± 0.313,0.05006553079947575,5,11445
missing_5,0.95,4.259999999999999,Causal-parents,Logistic,10,0.957 ± 0.046,0.722 ± 0.175,0.471 ± 0.298,0.312 ± 0.304,0.05007865757734662,5,11442
missing_5,0.95,4.259999999999999,Causal-parents,RF,10,0.960 ± 0.026,0.707 ± 0.160,0.476 ± 0.336,0.317 ± 0.313,0.05007865757734662,5,11442
missing_5,0.95,4.259999999999999,Causal-parents,XGBoost,10,0.964 ± 0.039,0.711 ± 0.219,0.509 ± 0.342,0.313 ± 0.308,0.05007865757734662,5,11442
missing_5,0.95,4.259999999999999,Causal+Lagged Controls,Logistic,10,0.907 ± 0.110,0.574 ± 0.237,0.394 ± 0.286,0.209 ± 0.126,0.05007865757734662,5,11442
missing_5,0.95,4.259999999999999,Causal+Lagged Controls,RF,10,0.964 ± 0.021,0.636 ± 0.132,0.178 ± 0.191,0.315 ± 0.319,0.05007865757734662,5,11442
missing_5,0.95,4.259999999999999,Causal+Lagged Controls,XGBoost,10,0.963 ± 0.026,0.620 ± 0.155,0.320 ± 0.293,0.299 ± 0.282,0.05007865757734662,5,11442
missing_5,0.95,4.259999999999999,DT-proxy base,Logistic,30,0.884 ± 0.076,0.488 ± 0.265,0.390 ± 0.297,0.267 ± 0.294,0.0500742812199598,5,11443
missing_5,0.95,4.259999999999999,DT-proxy base,RF,30,0.904 ± 0.041,0.465 ± 0.211,0.367 ± 0.251,0.270 ± 0.277,0.0500742812199598,5,11443
missing_5,0.95,4.259999999999999,DT-proxy base,XGBoost,30,0.905 ± 0.036,0.462 ± 0.195,0.368 ± 0.256,0.244 ± 0.224,0.0500742812199598,5,11443
missing_5,0.95,4.259999999999999,Causal-parents,Logistic,30,0.912 ± 0.055,0.503 ± 0.232,0.396 ± 0.265,0.270 ± 0.276,0.05008741258741259,5,11440
missing_5,0.95,4.259999999999999,Causal-parents,RF,30,0.913 ± 0.029,0.439 ± 0.197,0.198 ± 0.231,0.274 ± 0.296,0.05008741258741259,5,11440
missing_5,0.95,4.259999999999999,Causal-parents,XGBoost,30,0.920 ± 0.042,0.503 ± 0.223,0.305 ± 0.207,0.273 ± 0.273,0.05008741258741259,5,11440
missing_5,0.95,4.259999999999999,Causal+Lagged Controls,Logistic,30,0.843 ± 0.163,0.382 ± 0.210,0.312 ± 0.253,0.156 ± 0.097,0.05008741258741259,5,11440
missing_5,0.95,4.259999999999999,Causal+Lagged Controls,RF,30,0.902 ± 0.050,0.373 ± 0.139,0.064 ± 0.100,0.247 ± 0.234,0.05008741258741259,5,11440
missing_5,0.95,4.259999999999999,Causal+Lagged Controls,XGBoost,30,0.913 ± 0.032,0.369 ± 0.145,0.122 ± 0.166,0.226 ± 0.204,0.05008741258741259,5,11440
missing_5,0.95,4.259999999999999,DT-proxy base,Logistic,60,0.768 ± 0.104,0.274 ± 0.269,0.276 ± 0.259,0.214 ± 0.264,0.05008741258741259,5,11440
missing_5,0.95,4.259999999999999,DT-proxy base,RF,60,0.777 ± 0.057,0.216 ± 0.168,0.234 ± 0.200,0.179 ± 0.188,0.05008741258741259,5,11440
missing_5,0.95,4.259999999999999,DT-proxy base,XGBoost,60,0.750 ± 0.046,0.212 ± 0.176,0.231 ± 0.187,0.177 ± 0.192,0.05008741258741259,5,11440
missing_5,0.95,4.259999999999999,Causal-parents,Logistic,60,0.816 ± 0.065,0.274 ± 0.226,0.261 ± 0.252,0.214 ± 0.252,0.050100550843752735,5,11437
missing_5,0.95,4.259999999999999,Causal-parents,RF,60,0.814 ± 0.052,0.249 ± 0.152,0.114 ± 0.086,0.198 ± 0.195,0.050100550843752735,5,11437
missing_5,0.95,4.259999999999999,Causal-parents,XGBoost,60,0.808 ± 0.080,0.290 ± 0.229,0.236 ± 0.221,0.203 ± 0.229,0.050100550843752735,5,11437
missing_5,0.95,4.259999999999999,Causal+Lagged Controls,Logistic,60,0.822 ± 0.085,0.209 ± 0.063,0.176 ± 0.131,0.143 ± 0.086,0.050100550843752735,5,11437
missing_5,0.95,4.259999999999999,Causal+Lagged Controls,RF,60,0.818 ± 0.063,0.239 ± 0.131,0.043 ± 0.059,0.187 ± 0.185,0.050100550843752735,5,11437
missing_5,0.95,4.259999999999999,Causal+Lagged Controls,XGBoost,60,0.806 ± 0.068,0.208 ± 0.096,0.084 ± 0.065,0.144 ± 0.117,0.050100550843752735,5,11437
missing_5,0.95,4.259999999999999,DT-proxy base,Logistic,120,0.610 ± 0.148,0.164 ± 0.260,0.124 ± 0.263,0.142 ± 0.244,0.05011369599440266,5,11434
missing_5,0.95,4.259999999999999,DT-proxy base,RF,120,0.659 ± 0.084,0.089 ± 0.061,0.073 ± 0.086,0.086 ± 0.083,0.05011369599440266,5,11434
missing_5,0.95,4.259999999999999,DT-proxy base,XGBoost,120,0.648 ± 0.053,0.107 ± 0.110,0.089 ± 0.158,0.105 ± 0.121,0.05011369599440266,5,11434
missing_5,0.95,4.259999999999999,Causal-parents,Logistic,120,0.712 ± 0.108,0.149 ± 0.195,0.114 ± 0.231,0.140 ± 0.216,0.050126848044790485,5,11431
missing_5,0.95,4.259999999999999,Causal-parents,RF,120,0.769 ± 0.102,0.163 ± 0.114,0.067 ± 0.098,0.130 ± 0.177,0.050126848044790485,5,11431
missing_5,0.95,4.259999999999999,Causal-parents,XGBoost,120,0.777 ± 0.071,0.160 ± 0.100,0.080 ± 0.123,0.136 ± 0.158,0.050126848044790485,5,11431
missing_5,0.95,4.259999999999999,Causal+Lagged Controls,Logistic,120,0.780 ± 0.098,0.111 ± 0.066,0.057 ± 0.071,0.095 ± 0.098,0.050126848044790485,5,11431
missing_5,0.95,4.259999999999999,Causal+Lagged Controls,RF,120,0.779 ± 0.133,0.145 ± 0.097,0.034 ± 0.047,0.100 ± 0.097,0.050126848044790485,5,11431
missing_5,0.95,4.259999999999999,Causal+Lagged Controls,XGBoost,120,0.776 ± 0.095,0.161 ± 0.113,0.044 ± 0.075,0.128 ± 0.139,0.050126848044790485,5,11431
missing_10,0.85,3.2900000000000027,DT-proxy base,Logistic,10,0.938 ± 0.041,0.745 ± 0.089,0.676 ± 0.063,0.680 ± 0.257,0.15002184359982526,5,11445
missing_10,0.85,3.2900000000000027,DT-proxy base,RF,10,0.943 ± 0.038,0.752 ± 0.093,0.685 ± 0.074,0.680 ± 0.246,0.15002184359982526,5,11445
missing_10,0.85,3.2900000000000027,DT-proxy base,XGBoost,10,0.941 ± 0.039,0.748 ± 0.100,0.680 ± 0.077,0.679 ± 0.257,0.15002184359982526,5,11445
missing_10,0.85,3.2900000000000027,Causal-parents,Logistic,10,0.945 ± 0.039,0.769 ± 0.080,0.684 ± 0.048,0.701 ± 0.264,0.15006117811571404,5,11442
missing_10,0.85,3.2900000000000027,Causal-parents,RF,10,0.937 ± 0.039,0.723 ± 0.111,0.634 ± 0.116,0.651 ± 0.216,0.15006117811571404,5,11442
missing_10,0.85,3.2900000000000027,Causal-parents,XGBoost,10,0.940 ± 0.042,0.751 ± 0.117,0.665 ± 0.072,0.680 ± 0.239,0.15006117811571404,5,11442
missing_10,0.85,3.2900000000000027,Causal+Lagged Controls,Logistic,10,0.932 ± 0.066,0.754 ± 0.120,0.676 ± 0.085,0.691 ± 0.261,0.15006117811571404,5,11442
missing_10,0.85,3.2900000000000027,Causal+Lagged Controls,RF,10,0.933 ± 0.052,0.704 ± 0.115,0.570 ± 0.173,0.649 ± 0.218,0.15006117811571404,5,11442
missing_10,0.85,3.2900000000000027,Causal+Lagged Controls,XGBoost,10,0.936 ± 0.054,0.726 ± 0.135,0.639 ± 0.104,0.659 ± 0.227,0.15006117811571404,5,11442
missing_10,0.85,3.2900000000000027,DT-proxy base,Logistic,30,0.867 ± 0.049,0.564 ± 0.130,0.518 ± 0.082,0.556 ± 0.248,0.14996067464825658,5,11443
missing_10,0.85,3.2900000000000027,DT-proxy base,RF,30,0.874 ± 0.035,0.558 ± 0.118,0.512 ± 0.089,0.560 ± 0.244,0.14996067464825658,5,11443
missing_10,0.85,3.2900000000000027,DT-proxy base,XGBoost,30,0.875 ± 0.040,0.557 ± 0.128,0.519 ± 0.077,0.533 ± 0.225,0.14996067464825658,5,11443
missing_10,0.85,3.2900000000000027,Causal-parents,Logistic,30,0.889 ± 0.045,0.599 ± 0.113,0.538 ± 0.060,0.577 ± 0.240,0.15,5,11440
missing_10,0.85,3.2900000000000027,Causal-parents,RF,30,0.872 ± 0.059,0.538 ± 0.115,0.419 ± 0.127,0.495 ± 0.171,0.15,5,11440
missing_10,0.85,3.2900000000000027,Causal-parents,XGBoost,30,0.884 ± 0.056,0.603 ± 0.124,0.497 ± 0.078,0.586 ± 0.225,0.15,5,11440
missing_10,0.85,3.2900000000000027,Causal+Lagged Controls,Logistic,30,0.876 ± 0.064,0.584 ± 0.137,0.517 ± 0.086,0.565 ± 0.243,0.15,5,11440
missing_10,0.85,3.2900000000000027,Causal+Lagged Controls,RF,30,0.853 ± 0.056,0.515 ± 0.127,0.365 ± 0.150,0.508 ± 0.173,0.15,5,11440
missing_10,0.85,3.2900000000000027,Causal+Lagged Controls,XGBoost,30,0.870 ± 0.060,0.559 ± 0.191,0.493 ± 0.108,0.569 ± 0.229,0.15,5,11440
missing_10,0.85,3.2900000000000027,DT-proxy base,Logistic,60,0.785 ± 0.035,0.405 ± 0.173,0.415 ± 0.107,0.457 ± 0.243,0.15,5,11440
missing_10,0.85,3.2900000000000027,DT-proxy base,RF,60,0.784 ± 0.022,0.399 ± 0.155,0.416 ± 0.102,0.431 ± 0.239,0.15,5,11440
missing_10,0.85,3.2900000000000027,DT-proxy base,XGBoost,60,0.788 ± 0.020,0.389 ± 0.167,0.391 ± 0.120,0.440 ± 0.240,0.15,5,11440
missing_10,0.85,3.2900000000000027,Causal-parents,Logistic,60,0.833 ± 0.027,0.454 ± 0.143,0.388 ± 0.160,0.478 ± 0.224,0.15003934598233803,5,11437
missing_10,0.85,3.2900000000000027,Causal-parents,RF,60,0.776 ± 0.054,0.337 ± 0.097,0.269 ± 0.100,0.342 ± 0.113,0.15003934598233803,5,11437
missing_10,0.85,3.2900000000000027,Causal-parents,XGBoost,60,0.799 ± 0.054,0.400 ± 0.105,0.355 ± 0.084,0.419 ± 0.174,0.15003934598233803,5,11437
missing_10,0.85,3.2900000000000027,Causal+Lagged Controls,Logistic,60,0.820 ± 0.053,0.429 ± 0.151,0.405 ± 0.111,0.456 ± 0.203,0.15003934598233803,5,11437
missing_10,0.85,3.2900000000000027,Causal+Lagged Controls,RF,60,0.771 ± 0.059,0.363 ± 0.161,0.221 ± 0.163,0.381 ± 0.132,0.15003934598233803,5,11437
missing_10,0.85,3.2900000000000027,Causal+Lagged Controls,XGBoost,60,0.775 ± 0.066,0.388 ± 0.181,0.346 ± 0.126,0.407 ± 0.185,0.15003934598233803,5,11437
missing_10,0.85,3.2900000000000027,DT-proxy base,Logistic,120,0.707 ± 0.048,0.285 ± 0.181,0.340 ± 0.128,0.383 ± 0.245,0.15007871261150954,5,11434
missing_10,0.85,3.2900000000000027,DT-proxy base,RF,120,0.713 ± 0.028,0.255 ± 0.166,0.284 ± 0.162,0.305 ± 0.183,0.15007871261150954,5,11434
missing_10,0.85,3.2900000000000027,DT-proxy base,XGBoost,120,0.718 ± 0.028,0.262 ± 0.165,0.293 ± 0.134,0.309 ± 0.164,0.15007871261150954,5,11434
missing_10,0.85,3.2900000000000027,Causal-parents,Logistic,120,0.803 ± 0.062,0.373 ± 0.123,0.336 ± 0.101,0.427 ± 0.194,0.15011809990377045,5,11431
missing_10,0.85,3.2900000000000027,Causal-parents,RF,120,0.745 ± 0.070,0.264 ± 0.148,0.203 ± 0.122,0.264 ± 0.143,0.15011809990377045,5,11431
missing_10,0.85,3.2900000000000027,Causal-parents,XGBoost,120,0.772 ± 0.071,0.285 ± 0.123,0.231 ± 0.091,0.287 ± 0.138,0.15011809990377045,5,11431
missing_10,0.85,3.2900000000000027,Causal+Lagged Controls,Logistic,120,0.794 ± 0.099,0.359 ± 0.151,0.354 ± 0.094,0.415 ± 0.162,0.15011809990377045,5,11431
missing_10,0.85,3.2900000000000027,Causal+Lagged Controls,RF,120,0.774 ± 0.066,0.306 ± 0.157,0.140 ± 0.140,0.327 ± 0.150,0.15011809990377045,5,11431
missing_10,0.85,3.2900000000000027,Causal+Lagged Controls,XGBoost,120,0.764 ± 0.083,0.310 ± 0.177,0.208 ± 0.153,0.345 ± 0.168,0.15011809990377045,5,11431
missing_10,0.9,3.599999999999998,DT-proxy base,Logistic,10,0.950 ± 0.046,0.696 ± 0.140,0.651 ± 0.084,0.530 ± 0.277,0.1000436871996505,5,11445
missing_10,0.9,3.599999999999998,DT-proxy base,RF,10,0.951 ± 0.034,0.700 ± 0.135,0.640 ± 0.115,0.533 ± 0.272,0.1000436871996505,5,11445
missing_10,0.9,3.599999999999998,DT-proxy base,XGBoost,10,0.955 ± 0.037,0.703 ± 0.132,0.653 ± 0.088,0.528 ± 0.272,0.1000436871996505,5,11445
missing_10,0.9,3.599999999999998,Causal-parents,Logistic,10,0.957 ± 0.035,0.709 ± 0.143,0.589 ± 0.232,0.538 ± 0.272,0.10006991784653033,5,11442
missing_10,0.9,3.599999999999998,Causal-parents,RF,10,0.950 ± 0.027,0.702 ± 0.080,0.517 ± 0.209,0.516 ± 0.235,0.10006991784653033,5,11442
missing_10,0.9,3.599999999999998,Causal-parents,XGBoost,10,0.952 ± 0.031,0.716 ± 0.094,0.591 ± 0.155,0.522 ± 0.256,0.10006991784653033,5,11442
missing_10,0.9,3.599999999999998,Causal+Lagged Controls,Logistic,10,0.948 ± 0.041,0.696 ± 0.117,0.606 ± 0.099,0.515 ± 0.255,0.10006991784653033,5,11442
missing_10,0.9,3.599999999999998,Causal+Lagged Controls,RF,10,0.947 ± 0.029,0.682 ± 0.078,0.502 ± 0.181,0.509 ± 0.230,0.10006991784653033,5,11442
missing_10,0.9,3.599999999999998,Causal+Lagged Controls,XGBoost,10,0.952 ± 0.034,0.709 ± 0.093,0.618 ± 0.046,0.507 ± 0.244,0.10006991784653033,5,11442
missing_10,0.9,3.599999999999998,DT-proxy base,Logistic,30,0.888 ± 0.069,0.508 ± 0.173,0.492 ± 0.104,0.440 ± 0.252,0.10006117276937866,5,11443
missing_10,0.9,3.599999999999998,DT-proxy base,RF,30,0.900 ± 0.043,0.501 ± 0.179,0.485 ± 0.120,0.443 ± 0.256,0.10006117276937866,5,11443
missing_10,0.9,3.599999999999998,DT-proxy base,XGBoost,30,0.902 ± 0.049,0.490 ± 0.189,0.487 ± 0.140,0.443 ± 0.251,0.10006117276937866,5,11443
missing_10,0.9,3.599999999999998,Causal-parents,Logistic,30,0.909 ± 0.051,0.533 ± 0.163,0.461 ± 0.237,0.450 ± 0.240,0.10008741258741259,5,11440
missing_10,0.9,3.599999999999998,Causal-parents,RF,30,0.893 ± 0.046,0.456 ± 0.159,0.339 ± 0.159,0.403 ± 0.157,0.10008741258741259,5,11440
missing_10,0.9,3.599999999999998,Causal-parents,XGBoost,30,0.904 ± 0.049,0.534 ± 0.162,0.443 ± 0.206,0.451 ± 0.235,0.10008741258741259,5,11440
missing_10,0.9,3.599999999999998,Causal+Lagged Controls,Logistic,30,0.892 ± 0.034,0.483 ± 0.175,0.410 ± 0.175,0.416 ± 0.204,0.10008741258741259,5,11440
missing_10,0.9,3.599999999999998,Causal+Lagged Controls,RF,30,0.884 ± 0.042,0.475 ± 0.095,0.287 ± 0.165,0.362 ± 0.149,0.10008741258741259,5,11440
missing_10,0.9,3.599999999999998,Causal+Lagged Controls,XGBoost,30,0.890 ± 0.048,0.495 ± 0.155,0.431 ± 0.090,0.413 ± 0.214,0.10008741258741259,5,11440
missing_10,0.9,3.599999999999998,DT-proxy base,Logistic,60,0.771 ± 0.062,0.326 ± 0.181,0.365 ± 0.100,0.334 ± 0.236,0.10008741258741259,5,11440
missing_10,0.9,3.599999999999998,DT-proxy base,RF,60,0.789 ± 0.042,0.304 ± 0.160,0.278 ± 0.151,0.286 ± 0.167,0.10008741258741259,5,11440
missing_10,0.9,3.599999999999998,DT-proxy base,XGBoost,60,0.785 ± 0.043,0.292 ± 0.166,0.286 ± 0.143,0.284 ± 0.173,0.10008741258741259,5,11440
missing_10,0.9,3.599999999999998,Causal-parents,Logistic,60,0.820 ± 0.035,0.359 ± 0.157,0.326 ± 0.220,0.351 ± 0.221,0.10011366617119874,5,11437
missing_10,0.9,3.599999999999998,Causal-parents,RF,60,0.750 ± 0.067,0.225 ± 0.123,0.158 ± 0.124,0.202 ± 0.104,0.10011366617119874,5,11437
missing_10,0.9,3.599999999999998,Causal-parents,XGBoost,60,0.747 ± 0.063,0.250 ± 0.153,0.203 ± 0.153,0.230 ± 0.124,0.10011366617119874,5,11437
missing_10,0.9,3.599999999999998,Causal+Lagged Controls,Logistic,60,0.804 ± 0.048,0.316 ± 0.148,0.292 ± 0.165,0.299 ± 0.138,0.10011366617119874,5,11437
missing_10,0.9,3.599999999999998,Causal+Lagged Controls,RF,60,0.760 ± 0.064,0.256 ± 0.155,0.108 ± 0.150,0.224 ± 0.107,0.10011366617119874,5,11437
missing_10,0.9,3.599999999999998,Causal+Lagged Controls,XGBoost,60,0.745 ± 0.069,0.260 ± 0.151,0.199 ± 0.151,0.227 ± 0.121,0.10011366617119874,5,11437
missing_10,0.9,3.599999999999998,DT-proxy base,Logistic,120,0.690 ± 0.075,0.210 ± 0.181,0.259 ± 0.132,0.266 ± 0.217,0.10013993353157251,5,11434
missing_10,0.9,3.599999999999998,DT-proxy base,RF,120,0.702 ± 0.050,0.182 ± 0.145,0.193 ± 0.113,0.194 ± 0.137,0.10013993353157251,5,11434
missing_10,0.9,3.599999999999998,DT-proxy base,XGBoost,120,0.699 ± 0.048,0.181 ± 0.145,0.193 ± 0.132,0.212 ± 0.137,0.10013993353157251,5,11434
missing_10,0.9,3.599999999999998,Causal-parents,Logistic,120,0.771 ± 0.089,0.263 ± 0.120,0.211 ± 0.194,0.292 ± 0.187,0.10016621467938064,5,11431
missing_10,0.9,3.599999999999998,Causal-parents,RF,120,0.735 ± 0.074,0.179 ± 0.119,0.124 ± 0.102,0.165 ± 0.098,0.10016621467938064,5,11431
missing_10,0.9,3.599999999999998,Causal-parents,XGBoost,120,0.766 ± 0.076,0.191 ± 0.107,0.156 ± 0.104,0.202 ± 0.116,0.10016621467938064,5,11431
missing_10,0.9,3.599999999999998,Causal+Lagged Controls,Logistic,120,0.773 ± 0.115,0.230 ± 0.127,0.223 ± 0.096,0.247 ± 0.114,0.10016621467938064,5,11431
missing_10,0.9,3.599999999999998,Causal+Lagged Controls,RF,120,0.738 ± 0.108,0.205 ± 0.155,0.096 ± 0.098,0.179 ± 0.130,0.10016621467938064,5,11431
missing_10,0.9,3.599999999999998,Causal+Lagged Controls,XGBoost,120,0.731 ± 0.105,0.220 ± 0.172,0.176 ± 0.170,0.222 ± 0.161,0.10016621467938064,5,11431
missing_10,0.95,4.27,DT-proxy base,Logistic,10,0.959 ± 0.030,0.702 ± 0.178,0.520 ± 0.328,0.312 ± 0.310,0.05041502839667977,5,11445
missing_10,0.95,4.27,DT-proxy base,RF,10,0.961 ± 0.028,0.727 ± 0.169,0.543 ± 0.331,0.312 ± 0.301,0.05041502839667977,5,11445
missing_10,0.95,4.27,DT-proxy base,XGBoost,10,0.961 ± 0.028,0.717 ± 0.187,0.528 ± 0.337,0.314 ± 0.303,0.05041502839667977,5,11445
missing_10,0.95,4.27,Causal-parents,Logistic,10,0.967 ± 0.028,0.730 ± 0.149,0.498 ± 0.303,0.314 ± 0.304,0.05042824680999825,5,11442
missing_10,0.95,4.27,Causal-parents,RF,10,0.963 ± 0.027,0.710 ± 0.154,0.475 ± 0.345,0.323 ± 0.312,0.05042824680999825,5,11442
missing_10,0.95,4.27,Causal-parents,XGBoost,10,0.963 ± 0.043,0.714 ± 0.226,0.542 ± 0.342,0.317 ± 0.307,0.05042824680999825,5,11442
missing_10,0.95,4.27,Causal+Lagged Controls,Logistic,10,0.908 ± 0.117,0.576 ± 0.239,0.388 ± 0.295,0.203 ± 0.121,0.05042824680999825,5,11442
missing_10,0.95,4.27,Causal+Lagged Controls,RF,10,0.965 ± 0.020,0.640 ± 0.115,0.164 ± 0.211,0.315 ± 0.308,0.05042824680999825,5,11442
missing_10,0.95,4.27,Causal+Lagged Controls,XGBoost,10,0.961 ± 0.032,0.635 ± 0.202,0.289 ± 0.221,0.308 ± 0.298,0.05042824680999825,5,11442
missing_10,0.95,4.27,DT-proxy base,Logistic,30,0.887 ± 0.070,0.484 ± 0.246,0.407 ± 0.295,0.270 ± 0.288,0.05042383990212357,5,11443
missing_10,0.95,4.27,DT-proxy base,RF,30,0.912 ± 0.039,0.496 ± 0.228,0.388 ± 0.273,0.270 ± 0.287,0.05042383990212357,5,11443
missing_10,0.95,4.27,DT-proxy base,XGBoost,30,0.909 ± 0.038,0.472 ± 0.226,0.365 ± 0.258,0.238 ± 0.224,0.05042383990212357,5,11443
missing_10,0.95,4.27,Causal-parents,Logistic,30,0.918 ± 0.044,0.503 ± 0.206,0.419 ± 0.280,0.270 ± 0.273,0.05043706293706294,5,11440
missing_10,0.95,4.27,Causal-parents,RF,30,0.913 ± 0.029,0.429 ± 0.207,0.193 ± 0.236,0.276 ± 0.293,0.05043706293706294,5,11440
missing_10,0.95,4.27,Causal-parents,XGBoost,30,0.920 ± 0.040,0.497 ± 0.274,0.362 ± 0.279,0.277 ± 0.290,0.05043706293706294,5,11440
missing_10,0.95,4.27,Causal+Lagged Controls,Logistic,30,0.847 ± 0.164,0.383 ± 0.199,0.312 ± 0.247,0.160 ± 0.102,0.05043706293706294,5,11440
missing_10,0.95,4.27,Causal+Lagged Controls,RF,30,0.908 ± 0.041,0.362 ± 0.158,0.063 ± 0.098,0.263 ± 0.263,0.05043706293706294,5,11440
missing_10,0.95,4.27,Causal+Lagged Controls,XGBoost,30,0.906 ± 0.026,0.328 ± 0.107,0.112 ± 0.154,0.209 ± 0.180,0.05043706293706294,5,11440
missing_10,0.95,4.27,DT-proxy base,Logistic,60,0.759 ± 0.109,0.262 ± 0.264,0.260 ± 0.258,0.210 ± 0.262,0.05043706293706294,5,11440
missing_10,0.95,4.27,DT-proxy base,RF,60,0.796 ± 0.022,0.236 ± 0.214,0.219 ± 0.210,0.180 ± 0.192,0.05043706293706294,5,11440
missing_10,0.95,4.27,DT-proxy base,XGBoost,60,0.774 ± 0.029,0.228 ± 0.215,0.195 ± 0.214,0.171 ± 0.191,0.05043706293706294,5,11440
missing_10,0.95,4.27,Causal-parents,Logistic,60,0.813 ± 0.064,0.263 ± 0.218,0.274 ± 0.233,0.208 ± 0.245,0.05045029290897963,5,11437
missing_10,0.95,4.27,Causal-parents,RF,60,0.836 ± 0.052,0.256 ± 0.164,0.119 ± 0.089,0.230 ± 0.261,0.05045029290897963,5,11437
missing_10,0.95,4.27,Causal-parents,XGBoost,60,0.822 ± 0.068,0.286 ± 0.236,0.198 ± 0.195,0.209 ± 0.257,0.05045029290897963,5,11437
missing_10,0.95,4.27,Causal+Lagged Controls,Logistic,60,0.817 ± 0.083,0.196 ± 0.051,0.165 ± 0.122,0.136 ± 0.081,0.05045029290897963,5,11437
missing_10,0.95,4.27,Causal+Lagged Controls,RF,60,0.827 ± 0.040,0.214 ± 0.117,0.046 ± 0.063,0.167 ± 0.164,0.05045029290897963,5,11437
missing_10,0.95,4.27,Causal+Lagged Controls,XGBoost,60,0.803 ± 0.080,0.192 ± 0.097,0.089 ± 0.070,0.120 ± 0.083,0.05045029290897963,5,11437
missing_10,0.95,4.27,DT-proxy base,Logistic,120,0.603 ± 0.150,0.161 ± 0.255,0.128 ± 0.263,0.135 ± 0.241,0.050463529823333915,5,11434
missing_10,0.95,4.27,DT-proxy base,RF,120,0.659 ± 0.037,0.113 ± 0.132,0.092 ± 0.176,0.103 ± 0.140,0.050463529823333915,5,11434
missing_10,0.95,4.27,DT-proxy base,XGBoost,120,0.655 ± 0.041,0.117 ± 0.144,0.095 ± 0.181,0.103 ± 0.153,0.050463529823333915,5,11434
missing_10,0.95,4.27,Causal-parents,Logistic,120,0.709 ± 0.100,0.146 ± 0.191,0.121 ± 0.231,0.142 ± 0.212,0.050476773685591815,5,11431
missing_10,0.95,4.27,Causal-parents,RF,120,0.758 ± 0.097,0.150 ± 0.105,0.037 ± 0.051,0.124 ± 0.170,0.050476773685591815,5,11431
missing_10,0.95,4.27,Causal-parents,XGBoost,120,0.784 ± 0.080,0.188 ± 0.159,0.138 ± 0.174,0.144 ± 0.172,0.050476773685591815,5,11431
missing_10,0.95,4.27,Causal+Lagged Controls,Logistic,120,0.773 ± 0.097,0.107 ± 0.067,0.059 ± 0.077,0.094 ± 0.097,0.050476773685591815,5,11431
missing_10,0.95,4.27,Causal+Lagged Controls,RF,120,0.763 ± 0.154,0.141 ± 0.102,0.030 ± 0.044,0.091 ± 0.087,0.050476773685591815,5,11431
missing_10,0.95,4.27,Causal+Lagged Controls,XGBoost,120,0.779 ± 0.091,0.162 ± 0.117,0.030 ± 0.044,0.112 ± 0.132,0.050476773685591815,5,11431
